smiles,log KOA,
C,-0.38,
CC,0.42,
CCC,0.97,
CCCC,1.53,
CCCCC,1.95,
CCCCCC,2.4,
CCCCCCC,2.93,
CCCCCCCC,3.3,
CCCCCCCCC,3.9,
CCCCCCCCCCC,4.56,
CCCCCCCCCCCC,4.88,
CCCCCCCCCCCCC,5.34,
CCCCCCCCCCCCCC,6.11,
CCCCCCCCCCCCCCCCCC,7.87,
CCCCCCCCCCCCCCCCCCCC,8.42,
CC(C)C,1.23,
CCCC(C)C,2.34,
CCC(C)CC,1.93,
CC(C)C(C)C,1.84,
CC(C)CC(C)C,2.63,
CC(C)CCC(C)C,3.1,
CC(C)C(C)C(C)C,3.2,
CC(C)(C)C,1.41,
CCC(C)(C)C,2.09,
C1CC1,1.21,
C1CCCC1,2.21,
C1CCCCC1,2.71,
C1CCCCCC1,3.49,
C1CCCCCCC1,3.86,
CC1CCCC1,2.35,
CC1CCCCC1,3.03,
CCC1CCCCC1,3.57,
C1CCC2CCCCC2C1,4.2,
CC1CCC(C(C)C)CC1,4.06,
CC1(C)C2CC3C(C2)C31C,3.87,
C=C,0.28,
C=CC,0.92,
C=CCC,1.5,
C/C=C\C,1.43,
C/C=C/C,1.42,
C=CCCC,1.93,
C=CCCCC,2.41,
C=CCCCCC,2.93,
C=CCCCCCC,3.35,
C/C=C/CCCCC,3.16,
C=CCCCCCCC,3.83,
C=CCCCCCCCC,4.47,
C=C(C)C,1.46,
CC=C(C)C,1.78,
C=CCC(C)C,2.1,
C=C(C)CC(C)(C)C,2.79,
C1=CCCCC1,2.83,
CC1=CCC2CC1C2(C)C,3.75,
C=C1CCC2CC1C2(C)C,3.68,
C=C1C2CCC(C2)C1(C)C,4.04,
CC1=CCC2C(C1)C2(C)C,3.8,
C=C1CCC2(C(C)C)CC12,4.39,
C=CC=C,1.62,
C=CCC=C,1.87,
C=CCCC=C,2.21,
C=CC(=C)C,2.06,
CC(C)=CC=C(C)C,3.31,
C1=CCC=CC1,2.71,
C=CC1CC=CCC1,3.79,
C/C=C1\CC2C=CC1C2,4.23,
C1=CC2C3C=CC(C3)C2C1,3.18,
CC1=CC=C(C(C)C)CC1,3.9,
CC1=CCC(C(C)C)=CC1,4.28,
C=C(C)C1CC=C(C)CC1,4.04,
CC1=CCC(=C(C)C)CC1,4.59,
CC1=CC[C@H](C(C)C)C=C1,4.41,
C=C1C=C[C@H](C(C)C)CC1,4.42,
C=CC(=C)CCC=C(C)C,4.08,
C1=CC=CCC=C1,3.38,
C1=C\CC/C=C/CC/C=C\CC/1,5.43,
C#C,0.33,
C#CC,1.15,
C#CCC,1.59,
C#CCCC,2,
C#CCCCC,2.58,
C#CCCCCC,2.97,
C#CCCCCCC,3.53,
C#CCCCCCCC,3.93,
c1ccccc1,2.8,
Cc1ccccc1,3.31,
CCc1ccccc1,3.72,
Cc1ccccc1C,3.92,
Cc1cccc(C)c1,3.81,
Cc1ccc(C)cc1,3.79,
CCCc1ccccc1,4.09,
CCc1ccccc1C,4.23,
CCc1ccc(C)cc1,4.28,
Cc1ccc(C)c(C)c1,4.2,
Cc1cc(C)cc(C)c1,4.18,
Cc1cccc(C)c1C,4.61,
CCCCc1ccccc1,4.34,
CCc1ccc(CC)cc1,4.75,
CCc1cccc(CC)c1,5.18,
Cc1ccc(C)c(C)c1C,4.4,
Cc1cc(C)c(C)cc1C,5.08,
CCCc1cccc(C)c1,5.09,
CCCCCc1ccccc1,5.26,
Cc1cc(C)c(C)c(C)c1C,6.12,
Cc1c(C)c(C)c(C)c(C)c1C,6.31,
CCCCCCc1ccccc1,5.83,
CCCCCCCc1ccccc1,6.3,
CCCCCCCCc1ccccc1,6.42,
CCCCCCCCCCc1ccccc1,7.43,
CC(C)c1ccccc1,3.98,
CC(C)Cc1ccccc1,4.01,
CCC(C)c1ccccc1,4.2,
Cc1ccccc1C(C)C,4.84,
Cc1cccc(C(C)C)c1,5.17,
Cc1ccc(C(C)C)cc1,4.54,
CC(C)(C)c1ccccc1,4.18,
Cc1ccc(C(C)(C)C)cc1,4.39,
c1ccc2c(c1)CCC2,4.28,
c1ccc2c(c1)CCCC2,4.65,
C=Cc1ccccc1,3.93,
C=Cc1cccc(C)c1,4.3,
C=C(C)c1ccccc1,4.44,
C1=CCC(c2ccccc2)CC1,5.66,
C#Cc1ccccc1,4.11,
c1ccc(Cc2ccccc2)cc1,6.11,
c1ccc(CCc2ccccc2)cc1,7.01,
C(=C/c1ccccc1)\c1ccccc1,7.48,
c1ccc(-c2ccccc2)cc1,5.88,
CC(C)c1cccc(-c2ccccc2)c1,6.69,
CC(C)c1ccc(-c2ccccc2)cc1,6.77,
c1ccc2c(c1)Cc1ccccc1-2,6.79,
Cc1cccc2c1Cc1ccccc1-2,7.75,
c1ccc2c(c1)CCc1ccccc1-2,7.03,
c1ccc2ccccc2c1,5.37,
Cc1ccc2ccccc2c1,5.11,
Cc1cccc2ccccc12,5.57,
CCc1cccc2ccccc12,6.2,
CCc1ccc2ccccc2c1,6.12,
Cc1ccc2ccccc2c1C,6.31,
Cc1cc(C)c2ccccc2c1,6.31,
Cc1ccc(C)c2ccccc12,6.51,
Cc1cccc2c(C)cccc12,6.3,
Cc1ccc2c(C)cccc2c1,6.22,
Cc1ccc2cccc(C)c2c1,6.49,
Cc1cccc2cccc(C)c12,6.56,
Cc1cc2ccccc2cc1C,6.51,
Cc1ccc2cc(C)ccc2c1,6.3,
Cc1ccc2ccc(C)cc2c1,6.14,
Cc1cc(C)c2ccccc2c1C,6.8,
Cc1cc(C)c2cc(C)ccc2c1,6.61,
Cc1ccc(C)c2c(C)cccc12,7.04,
Cc1ccc2c(C)ccc(C)c2c1,6.66,
Cc1ccc2cc(C)c(C)cc2c1,6.68,
Cc1cc(C)c2c(C)cccc2c1,6.81,
Cc1ccc2c(C)c(C)ccc2c1C,7.33,
Cc1cc2c(C)ccc(C)c2cc1C,7.16,
CC(C)c1ccc2ccccc2c1,6.21,
CC(C)c1ccc2cc(C(C)C)ccc2c1,8.1,
c1cc2c3c(cccc3c1)CC2,6.43,
C1=Cc2cccc3cccc1c23,6.34,
c1ccc2c(c1)Cc1cc3ccccc3cc1-2,9.42,
c1ccc2c(c1)-c1cccc3cccc-2c13,8.88,
c1ccc2cc3ccccc3cc2c1,7.71,
c1ccc2cc3c(cc2c1)-c1cccc2cccc-3c12,11.37,
c1ccc2c(c1)ccc1ccccc12,7.62,
Cc1cccc2c1ccc1ccccc12,7.89,
c1ccc2c(c1)-c1cccc3c1c-2cc1ccccc13,11.34,
c1ccc2cc3c(ccc4ccccc43)cc2c1,10.28,
c1ccc2c(c1)ccc1c3ccccc3ccc21,9.85,
c1ccc2c(c1)ccc1cc3c(ccc4ccccc43)cc12,12.59,
c1ccc2cc3c4ccccc4c4ccccc4c3cc2c1,12.11,
c1cc2ccc3cccc4ccc(c1)c2c34,8.83,
c1ccc2c(c1)-c1ccc3ccc4cccc5cc-2c1c3c45,12.43,
c1ccc2c(c1)cc1ccc3cccc4ccc2c1c34,11.56,
c1ccc2c(c1)c1cccc3ccc4cccc2c4c31,10.72,
c1cc2cccc3c4cccc5cccc(c(c1)c23)c54,11.7,
c1cc2ccc3ccc4ccc5cccc6c(c1)c2c3c4c56,12.55,
c1cc2ccc3ccc4ccc5ccc6ccc1c1c2c3c4c5c61,14.69,
CF,0.63,
FCF,0.37,
CC(F)F,0.85,
FC(F)F,0.05,
FC(F)(F)F,-0.95,
FC(F)(F)C(F)(F)F,-0.69,
CCl,1.39,
CCCl,1.78,
CCCCl,2.24,
CC(C)Cl,2.05,
CCCCCl,2.72,
CCC(C)Cl,2.38,
CC(C)(C)Cl,1.84,
CCCCCCl,3.19,
CCC(C)(C)Cl,2.45,
CCCCCCCl,3.76,
CCCCCCCCl,4.07,
CCCCCCCCCl,4.55,
ClCCl,2.23,
ClCCCl,2.78,
CC(Cl)Cl,2.41,
ClCCCCl,3.53,
CCC(Cl)Cl,2.81,
CC(Cl)CCl,2.96,
CC(C)(Cl)Cl,2.3,
ClCCCCCCl,4.47,
ClCCCCCCCCCl,5.92,
ClC(Cl)Cl,2.55,
ClCC(Cl)Cl,3.54,
CC(Cl)(Cl)Cl,2.7,
ClCC(Cl)CCl,4.15,
ClC(Cl)(Cl)Cl,2.79,
ClCC(Cl)(Cl)Cl,3.89,
ClC(Cl)C(Cl)Cl,4.26,
ClCC(Cl)CCCCCCC(Cl)CCl,7.28,
ClC(Cl)C(Cl)(Cl)Cl,4.38,
ClC(Cl)(Cl)C(Cl)(Cl)Cl,4.47,
CBr,1.62,
CCBr,2.11,
CCCBr,2.53,
CC(C)Br,2.48,
CCCCBr,3.08,
CCCCCBr,3.51,
CCCCCCBr,3.77,
CCCCCCCBr,4.26,
CCCCCCCCBr,4.72,
CCCCCCCCCCBr,5.99,
BrCBr,3.07,
BrCCBr,3.69,
BrCCCBr,3.79,
BrCCCCBr,4.48,
BrC(Br)Br,3.97,
BrC(Br)(Br)Br,3.65,
CI,2.16,
CCI,2.59,
CC(C)I,2.96,
CC(C)I,3.27,
CCCCI,3.33,
CCCCCI,3.81,
CCCCCCCI,4.68,
ICI,4.02,
FCCl,1.03,
FC(F)Cl,0.83,
CC(F)(F)Cl,1.27,
FC(F)(F)Cl,-0.01,
FC(Cl)C(F)(F)F,1.11,
FC(Cl)Cl,1.91,
CC(F)(Cl)Cl,1.87,
FC(F)(Cl)Cl,0.48,
FC(F)(F)C(Cl)Cl,1.78,
FC(F)(Cl)C(F)(F)Cl,1.29,
FC(Cl)(Cl)Cl,1.68,
FC(F)(Cl)C(F)(Cl)Cl,2.15,
FC(Cl)(Cl)C(F)(Cl)Cl,2.03,
FC(F)(F)Br,0.63,
ClCBr,2.67,
ClCCCBr,3.72,
FC(F)(F)C(Cl)Br,2.18,
ClC(Cl)Br,2.98,
ClC(Br)Br,3.6,
ClCC(Br)CBr,4.56,
ClC1C(Cl)C(Cl)C(Cl)C(Cl)C1Cl,7.62,
ClC1C(Cl)C(Cl)C(Cl)C(Cl)C1Cl,8.74,
ClC1C(Cl)C(Cl)C(Cl)C(Cl)C1Cl,7.84,
ClC1C(Cl)C(Cl)C(Cl)C(Cl)C1Cl,8.84,
ClC1(Cl)C2(Cl)C3(Cl)C4(Cl)C(Cl)(Cl)C5(Cl)C3(Cl)C1(Cl)C5(Cl)C24Cl,9.12,
BrC1CCCCC1,3.67,
BrC1CCC(Br)C(Br)CCC1Br,7.4,
C=C(F)F,0.13,
FC(F)(F)/C=C\C(F)(F)F,1.55,
C=CCl,0.9,
C=CCCl,1.67,
Cl/C=C\Cl,2.6,
Cl/C=C/Cl,2.73,
C=C(Cl)Cl,2.34,
Cl/C=C\CCl,2.68,
Cl/C=C/CCl,3.28,
C=C(Cl)CCl,3.12,
CC=C(Cl)Cl,2.51,
C=CC(Cl)CCl,3.52,
ClC/C=C/CCl,4.15,
ClC/C=C\CCl,4.04,
ClC=C(Cl)Cl,3,
ClC(Cl)=C(Cl)Cl,3.48,
C=CBr,1.66,
C=CCBr,2.42,
Br/C=C\Br,2.77,
C=C(C)CCl,2.46,
ClC1=C(Cl)C2(Cl)C3C(Cl)C(Cl)CC3C1(Cl)C2(Cl)Cl,8.92,
ClC1=C(Cl)C2(Cl)C3C(Cl)C(Cl)CC3C1(Cl)C2(Cl)Cl,8.87,
ClC1=C(Cl)C2(Cl)C3C(Cl)C(Cl)C(Cl)C3C1(Cl)C2(Cl)Cl,9.66,
ClC1=C(Cl)C2(Cl)C3C(Cl)C(Cl)C(Cl)C3C1(Cl)C2(Cl)Cl,9.29,
ClC(Cl)=C(Cl)C(Cl)=C(Cl)Cl,4.58,
ClC1=C(Cl)C(Cl)(Cl)C(Cl)=C1Cl,5.42,
ClC1=C(Cl)C2(Cl)C3C4C=CC(C4)C3C1(Cl)C2(Cl)Cl,8.07,
ClC1=C(Cl)C2(Cl)C3C(Cl)C=CC3C1(Cl)C2(Cl)Cl,7.7,
Fc1ccccc1,2.84,
Fc1ccccc1F,2.86,
Fc1ccc(F)cc1,2.93,
Fc1cccc(F)c1,2.71,
FC(F)(F)c1ccccc1,3.24,
Fc1cc(F)c(F)c(F)c1F,2.54,
Cc1c(F)c(F)c(F)c(F)c1F,3.19,
Fc1c(F)c(F)c(F)c(F)c1F,2.11,
Clc1ccccc1,3.58,
ClCc1ccccc1,3.74,
Cc1ccccc1Cl,4.11,
Cc1cccc(Cl)c1,4.15,
Cc1ccc(Cl)cc1,4.15,
Clc1ccccc1Cl,4.39,
Clc1ccc(Cl)cc1,4.3,
Clc1cccc(Cl)c1,4.29,
Cc1ccc(Cl)cc1Cl,5.17,
Cc1c(Cl)cccc1Cl,5.13,
Cc1ccc(Cl)c(Cl)c1,5,
ClC(Cl)c1ccccc1,5.01,
Clc1cccc(Cl)c1Cl,5.16,
Clc1ccc(Cl)c(Cl)c1,5.1,
Clc1cc(Cl)cc(Cl)c1,4.91,
Cc1cc(Cl)c(Cl)cc1Cl,5.89,
ClC(Cl)(Cl)c1ccccc1,4.15,
Clc1ccc(Cl)c(Cl)c1Cl,5.83,
Clc1cc(Cl)c(Cl)c(Cl)c1,5.78,
Clc1cc(Cl)c(Cl)cc1Cl,5.8,
Clc1cc(Cl)c(Cl)c(Cl)c1Cl,6.75,
Cc1c(Cl)c(Cl)c(Cl)c(Cl)c1Cl,7.25,
Clc1c(Cl)c(Cl)c(Cl)c(Cl)c1Cl,7.55,
Brc1ccccc1,4.08,
BrCc1ccccc1,4.65,
Cc1ccccc1Br,4.56,
Cc1cccc(Br)c1,4.03,
Cc1ccc(Br)cc1,4.39,
Brc1ccccc1Br,5.2,
Brc1cccc(Br)c1,5.1,
Brc1ccc(Br)cc1,5.21,
Brc1cc(Br)cc(Br)c1,6.1,
Cc1c(Br)c(Br)c(C)c(Br)c1Br,8.85,
Brc1cc(Br)c(Br)c(Br)c1Br,8.3,
Cc1c(Br)c(Br)c(Br)c(Br)c1Br,9.61,
CCc1c(Br)c(Br)c(Br)c(Br)c1Br,9.26,
Brc1c(Br)c(Br)c(Br)c(Br)c1Br,9.53,
Ic1ccccc1,4.55,
Fc1cccc(Cl)c1,3.4,
Fc1c(Cl)c(F)c(Cl)c(F)c1Cl,4.71,
Fc1cccc(Br)c1,3.8,
Fc1ccc(Br)cc1,4.11,
Clc1ccc(Br)cc1,4.81,
Fc1ccc(I)cc1,4.63,
Clc1ccc(I)cc1,5.34,
Brc1ccc(I)cc1,5.87,
Clc1ccc(C(c2ccc(Cl)cc2)C(Cl)Cl)cc1,9.87,
Clc1ccc(C(c2ccccc2Cl)C(Cl)Cl)cc1,9.57,
Clc1ccc(C(c2ccc(Cl)cc2)C(Cl)(Cl)Cl)cc1,9.88,
Clc1ccc(C(c2ccccc2Cl)C(Cl)(Cl)Cl)cc1,9.74,
ClC(Cl)=C(c1ccc(Cl)cc1)c1ccc(Cl)cc1,9.24,
ClC(Cl)=C(c1ccc(Cl)cc1)c1ccccc1Cl,9.26,
Fc1c(F)c(F)c(-c2c(F)c(F)c(F)c(F)c2F)c(F)c1F,4.97,
Clc1ccccc1-c1ccccc1,6.43,
Clc1cccc(-c2ccccc2)c1,6.78,
Clc1ccc(-c2ccccc2)cc1,6.77,
Clc1ccccc1-c1ccccc1Cl,6.86,
Clc1cccc(-c2ccccc2)c1Cl,7.35,
Clc1cccc(-c2ccccc2Cl)c1,7.31,
Clc1ccc(-c2ccccc2)c(Cl)c1,7.15,
Clc1ccc(-c2ccccc2Cl)cc1,7.37,
Clc1ccc(Cl)c(-c2ccccc2)c1,7.16,
Clc1cccc(Cl)c1-c1ccccc1,7.18,
Clc1cccc(-c2cccc(Cl)c2)c1,7.66,
Clc1ccc(-c2ccccc2)cc1Cl,7.57,
Clc1ccc(-c2cccc(Cl)c2)cc1,7.47,
Clc1cc(Cl)cc(-c2ccccc2)c1,7.52,
Clc1ccc(-c2ccc(Cl)cc2)cc1,7.63,
Clc1ccc(-c2ccccc2Cl)cc1Cl,8.2,
Clc1cc(Cl)cc(-c2ccccc2Cl)c1,8.03,
Clc1ccccc1-c1cccc(Cl)c1Cl,7.76,
Clc1ccc(-c2ccccc2Cl)c(Cl)c1,7.51,
Clc1ccc(Cl)c(-c2ccccc2Cl)c1,7.56,
Clc1ccccc1-c1c(Cl)cccc1Cl,7.54,
Clc1cccc(-c2cccc(Cl)c2Cl)c1,8.24,
Clc1cccc(-c2ccc(Cl)cc2Cl)c1,8.02,
Clc1cccc(-c2cc(Cl)ccc2Cl)c1,7.99,
Clc1ccc(-c2cccc(Cl)c2Cl)cc1,8.33,
Clc1ccc(Cl)c(-c2ccccc2)c1Cl,7.94,
Clc1cc(Cl)c(-c2ccccc2)cc1Cl,7.96,
Clc1ccc(-c2cc(Cl)ccc2Cl)cc1,7.92,
Clc1cc(Cl)c(-c2ccccc2)c(Cl)c1,7.56,
Clc1ccc(-c2c(Cl)cccc2Cl)cc1,7.74,
Clc1ccc(-c2ccc(Cl)cc2Cl)cc1,7.92,
Clc1cccc(-c2cc(Cl)cc(Cl)c2)c1,8.21,
Clc1ccc(-c2ccc(Cl)c(Cl)c2)cc1,8.64,
Clc1ccccc1-c1ccc(Cl)c(Cl)c1Cl,8.58,
Clc1ccc(-c2cccc(Cl)c2Cl)c(Cl)c1,8.64,
Clc1ccc(Cl)c(-c2cccc(Cl)c2Cl)c1,8.36,
Clc1ccccc1-c1c(Cl)ccc(Cl)c1Cl,6.82,
Clc1ccccc1-c1c(Cl)ccc(Cl)c1Cl,8.32,
Clc1ccc(-c2ccc(Cl)cc2Cl)c(Cl)c1,8.31,
Clc1cc(Cl)c(-c2ccccc2Cl)cc1Cl,8.25,
Clc1ccc(-c2cc(Cl)ccc2Cl)c(Cl)c1,8.3,
Clc1ccc(-c2c(Cl)cccc2Cl)c(Cl)c1,7.95,
Clc1ccc(Cl)c(-c2cc(Cl)ccc2Cl)c1,8.25,
Clc1ccc(Cl)c(-c2c(Cl)cccc2Cl)c1,7.93,
Clc1cccc(Cl)c1-c1c(Cl)cccc1Cl,7.76,
Clc1ccc(Cl)c(-c2c(Cl)cccc2Cl)c1,8.45,
Clc1ccc(-c2ccc(Cl)c(Cl)c2Cl)cc1,9.13,
Clc1ccc(-c2cc(Cl)cc(Cl)c2Cl)cc1,8.79,
Clc1ccc(-c2c(Cl)ccc(Cl)c2Cl)cc1,8.38,
Clc1ccc(-c2ccc(Cl)c(Cl)c2)c(Cl)c1,9.02,
Clc1cccc(-c2cc(Cl)c(Cl)cc2Cl)c1,9.11,
Clc1cccc(-c2c(Cl)cc(Cl)cc2Cl)c1,8.38,
Clc1ccc(Cl)c(-c2ccc(Cl)c(Cl)c2)c1,8.95,
Clc1ccc(-c2c(Cl)cccc2Cl)cc1Cl,8.61,
Clc1cc(Cl)c(Cl)c(-c2ccccc2)c1Cl,8.18,
Clc1ccc(-c2cc(Cl)c(Cl)cc2Cl)cc1,8.86,
Clc1ccc(-c2c(Cl)cc(Cl)cc2Cl)cc1,8.09,
Clc1ccc(-c2ccc(Cl)c(Cl)c2)cc1Cl,9.29,
Clc1cc(Cl)cc(-c2cc(Cl)cc(Cl)c2)c1,7.7,
Clc1ccc(-c2cc(Cl)c(Cl)c(Cl)c2)cc1,9.67,
Clc1cccc(-c2cccc(Cl)c2Cl)c1Cl,8.86,
Clc1ccccc1-c1cc(Cl)c(Cl)c(Cl)c1,8.87,
Clc1cc(-c2ccccc2)c(Cl)c(Cl)c1Cl,8.81,
Clc1cc(Cl)c(Cl)c(-c2cccc(Cl)c2Cl)c1,9.13,
Clc1cccc(-c2c(Cl)ccc(Cl)c2Cl)c1Cl,8.8,
Clc1ccc(-c2ccc(Cl)c(Cl)c2Cl)c(Cl)c1,9.52,
Clc1ccc(-c2c(Cl)ccc(Cl)c2Cl)c(Cl)c1,8.94,
Clc1cc(Cl)c(-c2cccc(Cl)c2Cl)cc1Cl,9.18,
Clc1ccc(-c2cc(Cl)c(Cl)cc2Cl)c(Cl)c1,9.24,
Clc1ccc(Cl)c(-c2cc(Cl)c(Cl)cc2Cl)c1,9.04,
Clc1cc(Cl)c(-c2c(Cl)cccc2Cl)c(Cl)c1,8.16,
Clc1ccc(-c2cc(Cl)c(Cl)c(Cl)c2)c(Cl)c1,9.71,
Clc1ccc(-c2cc(Cl)c(Cl)cc2Cl)cc1Cl,9.47,
Clc1ccc(-c2ccc(Cl)c(Cl)c2Cl)cc1Cl,9.53,
Clc1ccc(-c2c(Cl)ccc(Cl)c2Cl)cc1Cl,9.06,
Clc1ccc(-c2cc(Cl)c(Cl)c(Cl)c2Cl)cc1,10.04,
Clc1c(Cl)c(Cl)c(-c2ccccc2)c(Cl)c1Cl,9.06,
Clc1ccc(Cl)c(-c2ccc(Cl)c(Cl)c2Cl)c1,9.21,
Clc1ccc(Cl)c(-c2c(Cl)ccc(Cl)c2Cl)c1,8.8,
Clc1ccc(Cl)c(-c2c(Cl)cccc2Cl)c1Cl,8.53,
Clc1ccc(-c2cc(Cl)c(Cl)c(Cl)c2)cc1Cl,10.31,
Clc1cc(Cl)c(-c2ccc(Cl)c(Cl)c2)c(Cl)c1,9.03,
Clc1ccc(-c2ccc(Cl)c(Cl)c2Cl)c(Cl)c1Cl,10.36,
Clc1cc(Cl)c(Cl)c(-c2ccc(Cl)c(Cl)c2Cl)c1,9.3,
Clc1cccc(-c2c(Cl)cc(Cl)c(Cl)c2Cl)c1Cl,9.49,
Clc1ccc(-c2c(Cl)ccc(Cl)c2Cl)c(Cl)c1Cl,9.8,
Clc1cccc(-c2c(Cl)c(Cl)cc(Cl)c2Cl)c1Cl,9.44,
Clc1cc(Cl)c(Cl)c(-c2c(Cl)ccc(Cl)c2Cl)c1,9.42,
Clc1ccc(Cl)c(-c2c(Cl)ccc(Cl)c2Cl)c1Cl,9.27,
Clc1cc(Cl)c(-c2c(Cl)ccc(Cl)c2Cl)cc1Cl,9.47,
Clc1cc(Cl)c(-c2ccc(Cl)c(Cl)c2Cl)cc1Cl,9.81,
Clc1ccc(-c2cc(Cl)c(Cl)c(Cl)c2Cl)c(Cl)c1,10.1,
Clc1ccc(Cl)c(-c2c(Cl)cc(Cl)c(Cl)c2Cl)c1,9.34,
Clc1ccc(Cl)c(-c2cc(Cl)c(Cl)c(Cl)c2Cl)c1,9.79,
Clc1cc(Cl)c(Cl)c(-c2cc(Cl)c(Cl)cc2Cl)c1,9.56,
Clc1ccc(-c2c(Cl)c(Cl)cc(Cl)c2Cl)c(Cl)c1,9.39,
Clc1cc(Cl)c(-c2cc(Cl)c(Cl)cc2Cl)cc1Cl,9.8,
Clc1cc(Cl)c(-c2c(Cl)cc(Cl)cc2Cl)c(Cl)c1,8.99,
Clc1cccc(-c2cc(Cl)c(Cl)c(Cl)c2Cl)c1Cl,10.07,
Clc1ccc(Cl)c(-c2c(Cl)c(Cl)cc(Cl)c2Cl)c1,9.61,
Clc1ccc(-c2cc(Cl)c(Cl)c(Cl)c2Cl)cc1Cl,10.57,
Clc1cc(-c2ccc(Cl)c(Cl)c2Cl)cc(Cl)c1Cl,10.77,
Clc1ccc(-c2c(Cl)cc(Cl)c(Cl)c2Cl)cc1Cl,9.86,
Clc1cc(Cl)cc(-c2cc(Cl)c(Cl)c(Cl)c2Cl)c1,9.91,
Clc1ccc(-c2c(Cl)c(Cl)cc(Cl)c2Cl)cc1Cl,10.32,
Clc1ccc(-c2c(Cl)c(Cl)cc(Cl)c2Cl)cc1Cl,9.89,
Clc1cc(Cl)cc(-c2c(Cl)c(Cl)cc(Cl)c2Cl)c1,10.36,
Clc1ccc(-c2c(Cl)c(Cl)c(Cl)c(Cl)c2Cl)cc1,10,
Clc1cc(Cl)c(-c2cc(Cl)c(Cl)c(Cl)c2)cc1Cl,10.47,
Clc1cc(-c2cc(Cl)c(Cl)c(Cl)c2)cc(Cl)c1Cl,11.02,
Clc1ccc(-c2c(Cl)cc(Cl)c(Cl)c2Cl)c(Cl)c1,9.62,
Clc1ccc(-c2cc(Cl)c(Cl)c(Cl)c2Cl)c(Cl)c1Cl,10.78,
Clc1ccc(-c2c(Cl)cc(Cl)c(Cl)c2Cl)c(Cl)c1Cl,10.25,
Clc1cc(Cl)c(Cl)c(-c2cc(Cl)c(Cl)c(Cl)c2Cl)c1,10.38,
Clc1cccc(-c2c(Cl)c(Cl)c(Cl)c(Cl)c2Cl)c1Cl,10.3,
Clc1cc(-c2c(Cl)ccc(Cl)c2Cl)c(Cl)c(Cl)c1Cl,10.22,
Clc1cc(Cl)c(Cl)c(-c2c(Cl)cc(Cl)c(Cl)c2Cl)c1,9.88,
Clc1cc(Cl)c(-c2c(Cl)ccc(Cl)c2Cl)c(Cl)c1Cl,9.8,
Clc1ccc(-c2c(Cl)c(Cl)cc(Cl)c2Cl)c(Cl)c1Cl,10.29,
Clc1cc(Cl)c(Cl)c(-c2c(Cl)c(Cl)cc(Cl)c2Cl)c1,9.83,
Clc1ccc(Cl)c(-c2c(Cl)c(Cl)cc(Cl)c2Cl)c1Cl,9.81,
Clc1cc(Cl)c(-c2cc(Cl)c(Cl)c(Cl)c2Cl)cc1Cl,10.52,
Clc1ccc(-c2c(Cl)c(Cl)c(Cl)c(Cl)c2Cl)c(Cl)c1,10.51,
Clc1cc(Cl)c(-c2c(Cl)cc(Cl)c(Cl)c2Cl)cc1Cl,10.32,
Clc1ccc(Cl)c(-c2c(Cl)c(Cl)c(Cl)c(Cl)c2Cl)c1,10.4,
Clc1cc(Cl)c(-c2c(Cl)c(Cl)cc(Cl)c2Cl)cc1Cl,10.27,
Clc1cc(-c2cc(Cl)c(Cl)c(Cl)c2Cl)cc(Cl)c1Cl,11.22,
Clc1ccc(-c2c(Cl)c(Cl)c(Cl)c(Cl)c2Cl)cc1Cl,10.57,
Clc1cc(-c2c(Cl)cc(Cl)c(Cl)c2Cl)cc(Cl)c1Cl,10.62,
Clc1cc(Cl)cc(-c2c(Cl)c(Cl)c(Cl)c(Cl)c2Cl)c1,10.53,
Clc1cc(-c2cc(Cl)c(Cl)c(Cl)c2Cl)c(Cl)c(Cl)c1Cl,11.31,
Clc1ccc(-c2c(Cl)c(Cl)c(Cl)c(Cl)c2Cl)c(Cl)c1Cl,11.12,
Clc1cc(-c2c(Cl)cc(Cl)c(Cl)c2Cl)c(Cl)c(Cl)c1Cl,10.82,
Clc1cc(Cl)c(-c2c(Cl)cc(Cl)c(Cl)c2Cl)c(Cl)c1Cl,10.22,
Clc1cc(Cl)c(Cl)c(-c2c(Cl)c(Cl)c(Cl)c(Cl)c2Cl)c1,10.73,
Clc1ccc(Cl)c(-c2c(Cl)c(Cl)c(Cl)c(Cl)c2Cl)c1Cl,10.74,
Clc1cc(Cl)c(-c2c(Cl)c(Cl)cc(Cl)c2Cl)c(Cl)c1Cl,10.51,
Clc1cc(-c2c(Cl)c(Cl)cc(Cl)c2Cl)c(Cl)c(Cl)c1Cl,10.67,
Clc1cc(Cl)c(Cl)c(-c2c(Cl)c(Cl)cc(Cl)c2Cl)c1Cl,10.08,
Clc1cc(Cl)c(-c2c(Cl)c(Cl)c(Cl)c(Cl)c2Cl)cc1Cl,10.79,
Clc1cc(-c2c(Cl)c(Cl)c(Cl)c(Cl)c2Cl)cc(Cl)c1Cl,11.31,
Clc1cc(-c2c(Cl)c(Cl)c(Cl)c(Cl)c2Cl)c(Cl)c(Cl)c1Cl,11.47,
Clc1cc(Cl)c(-c2c(Cl)c(Cl)c(Cl)c(Cl)c2Cl)c(Cl)c1Cl,10.93,
Clc1cc(Cl)c(Cl)c(-c2c(Cl)c(Cl)c(Cl)c(Cl)c2Cl)c1Cl,10.93,
Clc1c(Cl)c(Cl)c(-c2c(Cl)c(Cl)c(Cl)c(Cl)c2Cl)c(Cl)c1Cl,11.61,
Brc1ccc(-c2ccccc2)cc1,7.22,
Brc1ccc(-c2ccc(Br)cc2)cc1,8.5,
Brc1cccc(-c2cc(Br)ccc2Br)c1,9.13,
Brc1ccc(-c2cc(Br)ccc2Br)cc1,9.21,
Brc1cc(Br)c(-c2ccccc2Br)cc1Br,9.83,
Brc1cc(Br)c(-c2cc(Br)ccc2Br)c(Br)c1,10.46,
Brc1cc(Br)c(-c2cc(Br)c(Br)cc2Br)cc1Br,12,
Brc1ccc2c(c1)Cc1ccccc1-2,8.06,
Fc1c(F)c(F)c2c(F)c(F)c(F)c(F)c2c1F,4.7,
Clc1cccc2ccccc12,5.81,
Clc1ccc2ccccc2c1,5.76,
Clc1ccc2ccccc2c1Cl,6.83,
Clc1ccc(Cl)c2ccccc12,6.78,
Clc1cccc2c(Cl)cccc12,6.65,
Clc1ccc2ccc(Cl)cc2c1,6.7,
Clc1cc2ccccc2c(Cl)c1Cl,7.62,
Clc1cc(Cl)c2ccccc2c1Cl,7.27,
Clc1ccc2c(Cl)cccc2c1Cl,7.45,
Clc1ccc2c(Cl)c(Cl)ccc2c1,7.5,
Clc1ccc2ccc(Cl)c(Cl)c2c1,7.54,
Clc1cc(Cl)c2cccc(Cl)c2c1,7.32,
Clc1ccc(Cl)c2c(Cl)cccc12,7.56,
Clc1ccc2c(Cl)ccc(Cl)c2c1,7.27,
Clc1cc2cccc(Cl)c2cc1Cl,7.54,
Clc1c(Cl)c(Cl)c2ccccc2c1Cl,8.33,
Clc1cc2c(Cl)cccc2c(Cl)c1Cl,8.29,
Clc1ccc2cc(Cl)c(Cl)c(Cl)c2c1,8.35,
Clc1cc2cccc(Cl)c2c(Cl)c1Cl,8.6,
Clc1cc(Cl)c2c(Cl)cccc2c1Cl,8.58,
Clc1ccc2c(Cl)c(Cl)cc(Cl)c2c1,8.08,
Clc1ccc2c(Cl)cc(Cl)c(Cl)c2c1,8.13,
C1=C(c2ccccc2)CCCC1,8.41,
Clc1cc2ccc(Cl)c(Cl)c2cc1Cl,8.34,
Clc1ccc2ccc(Cl)c(Cl)c2c1Cl,8.65,
Clc1cc(Cl)c2cc(Cl)cc(Cl)c2c1,7.9,
Clc1cc(Cl)c2c(Cl)ccc(Cl)c2c1,8.26,
Clc1cc(Cl)c2c(Cl)cc(Cl)cc2c1,8.22,
Clc1ccc(Cl)c2c(Cl)ccc(Cl)c12,8.45,
Clc1cc2c(Cl)ccc(Cl)c2cc1Cl,8.13,
Clc1cc2cc(Cl)c(Cl)cc2cc1Cl,8.4,
Clc1ccc2c(Cl)c(Cl)ccc2c1Cl,8.22,
Clc1cc(Cl)c2ccc(Cl)c(Cl)c2c1,8.08,
Clc1ccc2c(Cl)ccc(Cl)c2c1Cl,8.4,
Clc1c(Cl)c(Cl)c2c(Cl)cccc2c1Cl,9.28,
Clc1ccc2c(Cl)c(Cl)c(Cl)c(Cl)c2c1,8.92,
Clc1cc(Cl)c2cc(Cl)c(Cl)c(Cl)c2c1,8.82,
Clc1cc2c(Cl)ccc(Cl)c2c(Cl)c1Cl,9.1,
Clc1cc2cc(Cl)c(Cl)c(Cl)c2cc1Cl,9.1,
Clc1cc(Cl)c2c(Cl)c(Cl)c(Cl)cc2c1,9.16,
Clc1cc(Cl)c2c(Cl)c(Cl)ccc2c1Cl,9.15,
Clc1cc(Cl)c2c(Cl)cc(Cl)c(Cl)c2c1,8.86,
Clc1cc(Cl)c2c(Cl)ccc(Cl)c2c1Cl,9.18,
Clc1cc2c(Cl)cc(Cl)c(Cl)c2cc1Cl,8.73,
Clc1cc(Cl)c2c(Cl)c(Cl)cc(Cl)c2c1,8.78,
Clc1ccc2c(Cl)cc(Cl)c(Cl)c2c1Cl,9.06,
Clc1ccc2c(Cl)c(Cl)c(Cl)c(Cl)c2c1Cl,10.11,
Clc1cc(Cl)c2c(Cl)c(Cl)c(Cl)c(Cl)c2c1,9.8,
Clc1c(Cl)c(Cl)c2c(Cl)ccc(Cl)c2c1Cl,10.37,
Clc1cc2c(Cl)c(Cl)c(Cl)c(Cl)c2cc1Cl,9.7,
Clc1cc2c(Cl)c(Cl)c(Cl)cc2c(Cl)c1Cl,9.7,
Clc1cc2c(Cl)c(Cl)cc(Cl)c2c(Cl)c1Cl,9.8,
Clc1cc2c(Cl)cc(Cl)c(Cl)c2c(Cl)c1Cl,9.83,
Clc1cc(Cl)c2c(Cl)c(Cl)cc(Cl)c2c1Cl,9.69,
Clc1cc(Cl)c2c(Cl)cc(Cl)c(Cl)c2c1Cl,9.89,
Clc1cc2c(Cl)c(Cl)c(Cl)c(Cl)c2c(Cl)c1Cl,10.63,
Clc1cc(Cl)c2c(Cl)c(Cl)c(Cl)c(Cl)c2c1Cl,10.68,
Clc1c(Cl)c(Cl)c2c(Cl)c(Cl)c(Cl)c(Cl)c2c1Cl,11.48,
Brc1cccc2ccccc12,6.03,
Clc1ccc2c3c(cccc13)-c1ccccc1-2,9.54,
Clc1ccc2c(c1)-c1cccc3cccc-2c13,9.58,
Clc1cc(Cl)c2cccc3c2c1-c1ccccc1-3,10.11,
Clc1ccc2c(c1)-c1cccc3c(Cl)ccc-2c13,10.32,
Clc1ccc2c3c(ccc(Cl)c13)-c1ccccc1-2,10.48,
Clc1ccc2cc3ccccc3cc2c1,8.47,
Clc1c2ccccc2cc2ccccc12,8.47,
Brc1c2ccccc2cc2ccccc12,8.94,
Brc1c2ccccc2c(Br)c2ccccc12,10.05,
Clc1cc2ccccc2c2ccccc12,8.41,
Clc1ccc2cc(Cl)c3ccccc3c2c1,9.24,
Clc1c(Cl)c2ccccc2c2ccccc12,9.3,
Clc1ccc2c(Cl)c(Cl)c3ccccc3c2c1,9.98,
Brc1cc2ccccc2c2ccccc12,8.87,
Clc1c2ccccc2cc2c1ccc1ccccc12,11.34,
Clc1c2ccccc2c(Cl)c2c1ccc1ccccc12,12.05,
Brc1c2ccccc2cc2c1ccc1ccccc12,11.73,
Brc1cccc2c(Br)c3ccc4ccccc4c3cc12,12.62,
Brc1c2ccccc2c(Br)c2c1ccc1ccccc12,12.66,
Brc1cccc2c1ccc1c(Br)c3ccccc3cc12,12.78,
Brc1cc2c(Br)c3ccccc3cc2c2ccccc12,12.83,
Clc1cc2c3ccccc3ccc2c2ccccc12,11.3,
Clc1cc2c3ccccc3c(Cl)cc2c2ccccc12,12.08,
Clc1ccc2ccc3cccc4ccc1c2c34,9.71,
Brc1ccc2ccc3cccc4ccc1c2c34,10.1,
Clc1c2ccccc2c2ccc3cccc4ccc1c2c43,12.76,
Brc1c2ccccc2c2ccc3cccc4ccc1c2c43,12.95,
CO,2.84,
CCO,3.2,
CCCO,3.68,
CCCCO,4.1,
CCCCCO,4.69,
CCCCCCO,5.18,
CCCCCCCO,5.51,
CCCCCCCCO,6.03,
CCCCCCCCCO,6.5,
CCCCCCCCCCO,6.81,
CCCCCCCCCCCO,7.27,
CCCCCCCCCCCCO,7.78,
CCCCCCCCCCCCCO,8.19,
CCCCCCCCCCCCCCO,8.49,
CCCCCCCCCCCCCCCCO,9.9,
CCCCCCCCCCCCCCCCCCO,10.93,
CCCCCCCCCCCCCCCCCCCCO,12.06,
CC(C)CO,3.93,
CCC(C)CO,4.41,
CC(C)CCO,4.52,
CCCCC(CC)CO,5.58,
CC(C)(C)CO,4.06,
CC(CCO)CC(C)(C)C,5.52,
C=CCO,3.66,
CC(C)=CCC[C@@H](C)CCO,6.51,
CC(C)=CCC/C(C)=C/CO,6.43,
C/C=C/C=C/CCCCCCCO,7.28,
CC(C)O,3.41,
CCC(C)O,3.85,
CCCC(C)O,4.29,
CCC(O)CC,4.28,
CC(C)C(C)O,4.3,
CCCCC(C)O,4.73,
CCCC(O)CC,4.54,
CCCCCC(C)O,5.1,
CCCCC(O)CC,5.08,
CCCC(O)CCC,5.08,
CCCCCCC(C)O,5.67,
CCCCC(O)CCC,5.37,
OC1CCCC1,4.57,
OC1CCCCC1,5.18,
CC1CCCCC1O,5.22,
CC1CCC(O)CC1,5.47,
CC1CCC(C(C)C)C(O)C1,6.08,
OC1CCCCCCCCCCC1,7.62,
CC1(C)C2CCC1(C)C(O)C2,5.69,
CC1(C)[C@@H](O)[C@@]2(C)CC[C@@H]1C2,6.06,
C=CC(O)CCCCC,5.13,
CC(C)(C)O,3.5,
CCC(C)(C)O,4.01,
CC(C)C(C)(C)O,4.35,
CC1=CC[C@H](C(C)(C)O)CC1,6.73,
C=C(C)C1CCC(C)(O)C1C,5.88,
C=CC(C)(O)CCC=C(C)C,5.97,
C#CC(C)(C)O,3.89,
OCCO,5.34,
OCCCO,5.59,
OCCCCO,6.65,
OCCCCCO,7.38,
C[C@H](O)[C@@H](C)O,5.3,
CC(O)CCC(C)O,7.25,
CC(O)CO,5.48,
CCC(O)CO,6.02,
CC(O)CCO,6.01,
CCCC(O)C(CC)CO,6.65,
OCC(O)CO,7.63,
OCC(O)C(O)CO,10.25,
OCC(O)C(O)C(O)C(O)CO,14.94,
OCC(O)C(O)C(O)C(O)CO,14.28,
OCC(O)C(O)C(O)C(O)CO,13.99,
OCc1ccccc1,5.78,
OCCc1ccccc1,6.16,
OCCCc1ccccc1,6.79,
OC(c1ccccc1)c1ccccc1,8.46,
Oc1ccccc1,6.06,
Cc1cccc(O)c1,6.28,
Cc1ccc(O)cc1,6.3,
Cc1ccccc1O,6.11,
Cc1cccc(O)c1C,6.87,
Cc1ccc(O)c(C)c1,6.58,
Cc1ccc(C)c(O)c1,6.54,
Cc1cccc(C)c1O,6.11,
Cc1ccc(O)cc1C,6.85,
Cc1cc(C)cc(O)c1,6.81,
CCc1ccccc1O,6.49,
CCc1ccc(O)cc1,6.84,
CCc1cccc(O)c1,6.86,
CCCc1ccc(O)cc1,7.22,
CCCCCCCCCc1ccc(O)cc1,9.73,
Cc1ccc(C(C)C)c(O)c1,7.05,
CCC(C)c1ccccc1O,6.68,
Cc1ccc(C(C)C)cc1O,7.2,
CC(C)(C)c1cccc(O)c1,7.32,
CC(C)(C)c1ccc(O)cc1,7.53,
CC(C)(C)CC(C)(C)c1ccc(O)cc1,8.6,
Oc1ccc2ccccc2c1,8.47,
Oc1ccccc1O,7.69,
Oc1cccc(O)c1,9.24,
Oc1ccc(O)cc1,9.03,
Oc1cc2ccccc2cc1O,10.64,
COC,1.37,
CCOCC,2.19,
CCCOC,2.49,
CCCCOC,2.77,
CCCOCCC,2.97,
CCCCOCC,3.16,
CCCCOCCCC,3.89,
CCCCCOCCCCC,4.8,
CC(C)OC(C)C,2.66,
CC(C)COCC(C)C,3.4,
CC(C)CCOCCC(C)C,4.58,
COC(C)(C)C,2.48,
CCOC(C)(C)C,2.69,
CCC(C)(C)OC,2.98,
C=COCC,1.71,
COCOC,2.39,
COCCOC,3.12,
CCOCOCC,3.29,
CCOCCOCC,3.13,
CCCCOCCOCCCC,5.22,
CCOC(C)OCC,3.14,
CCCCOCCOCCOCCCC,5.79,
COc1ccccc1,4.01,
CCOc1ccccc1,4.12,
COCc1ccccc1,4.29,
c1ccc(Oc2ccccc2)cc1,6.27,
c1ccc(COCc2ccccc2)cc1,6.82,
COc1ccccc1OC,4.93,
CCOc1ccc(C(C)(C)COCc2cccc(Oc3ccccc3)c2)cc1,12.48,
C1CO1,1.82,
C1CCOC1,2.86,
C1CCOCC1,3.22,
CC1CO1,2.36,
C[C@H]1CC[C@@H](C)O1,3.28,
CC1CCC(C)O1,3.41,
CC(C)C12CCC(C)(CC1)O2,5.06,
CC12CCC(CC1)C(C)(C)O2,4.87,
C1=COCCC1,2.07,
C=C(C)[C@@H]1CCC2(C)OC2C1,5.75,
C1COCO1,2.41,
C1COCCO1,3.17,
CC1(C)OCCO1,3.38,
C1OCOCO1,2.55,
CC1OC(C)OC(C)O1,3.09,
CC1OC(C)OC(C)OC(C)O1,2.75,
c1ccoc1,1.95,
Cc1ccco1,2.43,
c1ccc(C2CO2)cc1,4.54,
CC1COCc2cc3c(cc21)C(C)(C)C(C)C3(C)C,8.15,
c1ccc2c(c1)oc1ccccc12,6.59,
c1ccc2c(c1)Oc1ccccc1O2,6.57,
CCCCOCC1CO1,3.44,
C=CCOCC1CO1,3.99,
Cc1ccccc1COC1CC2(C(C)C)CCC1(C)O2,9.12,
CC[C@H]1OC[C@@H](COc2ccc(Oc3ccccc3)cc2)O1,10.35,
C=O,2.03,
CC=O,2.23,
CCC=O,3.02,
CCCC=O,3.39,
CCCCCC=O,4.41,
CCCCCCC=O,4.74,
CCCCCCCC=O,5.36,
CCCCCCCCCC=O,5.32,
C=CC=O,2.6,
CCCC/C=C/C=O,4.55,
CCCCC/C=C/C=O,4.53,
CCCCCC/C=C\C=O,4.41,
CC(C)=CCC/C(C)=C/C=O,5.43,
O=Cc1ccccc1,4.41,
Cc1ccccc1C=O,4.88,
Cc1ccc(C=O)cc1,5,
CC(C)=O,2.36,
CCC(C)=O,2.79,
CCCC(C)=O,3.19,
CCC(=O)CC,3.2,
CCCCC(C)=O,3.68,
CCCCCC(C)=O,4.15,
CCCC(=O)CCC,4.13,
CCCCCCC(C)=O,4.44,
CCCCC(=O)CCCC,4.8,
CCCCCCCC(C)=O,5.03,
CCCCCCCCC(C)=O,5.48,
CCCCCCCCCC(C)=O,5.73,
CC(=O)C(C)C,3.04,
CC(=O)CC(C)C,3.3,
CC(=O)CCC(C)C,3.97,
CC(C)C(=O)C(C)C,3.82,
CC(=O)C(C)(C)C,3.24,
O=C1CCCC1,3.67,
O=C1CCCCC1,3.99,
O=C1CCCCCCCCCCCCCC1,6.59,
CC(=O)C1CC1,3.71,
CC1CCC(=O)CC1,4.52,
CC1CCC(C(C)C)C(=O)C1,5.18,
CC12CCC(CC1=O)C2(C)C,5.21,
C=CC(C)=O,2.95,
CC(C)=C1CC[C@@H](C)CC1=O,5.87,
CC1=CC(=O)CC(C)(C)C1,5.15,
C=C(C)C1CC=C(C)C(=O)C1,5.72,
CC(=O)/C=C/C1=C(C)CCCC1(C)C,6.19,
CC1C(C)(C)C2=C(C(=O)CCC2)C1(C)C,6.43,
CC(=O)C(C)=O,2.92,
CC(=O)CC(C)=O,4.06,
CC(=O)c1ccccc1,4.45,
CC(=O)c1cccc(C)c1,5.6,
CC(=O)c1ccc(C)cc1,5.45,
CCC(=O)c1ccccc1,5.46,
CC(=O)c1cc(C(C)(C)C)cc2c1CCC2(C)C,7.58,
CC(=O)c1cc2c(cc1C)C(C)(C)C(C)C2(C)C,7.76,
CC(=O)c1cc2c(cc1C)C(C)(C)C(C)CC2(C)C,8.24,
CC(=O)c1cc2c(cc1C)C(C)(C)C(C)C2C(C)C,8.18,
Cc1ccc(/C=C2/C(=O)C3(C)CCC2C3(C)C)cc1,8.53,
O=C1c2ccccc2-c2ccccc21,7.93,
O=C1c2ccccc2C(=O)C1C(=O)C(c1ccccc1)c1ccccc1.[Na+],12.29,
O=C1C=CC(=O)C=C1,4.68,
O=C1c2ccccc2C(=O)c2ccccc21,8.28,
O=CO,4.06,
CC(=O)O,4.31,
CCC(=O)O,4.85,
CCCC(=O)O,5.3,
CCCCC(=O)O,5.94,
CCCCCC(=O)O,6.31,
CCCCCCC(=O)O,6.81,
CCCCCCCC(=O)O,7.38,
CCCCCCCCC(=O)O,7.52,
CCCCCCCCCC(=O)O,8.31,
CC(C)C(=O)O,5.21,
CC(C)CC(=O)O,5.46,
CCC(C)C(=O)O,5.24,
CCC(CC)C(=O)O,5.72,
CCCCC(CC)C(=O)O,6.28,
CC(C)(C)C(=O)O,5.29,
C=CC(=O)O,5.01,
C/C=C/C(=O)O,5.28,
C=C(C)C(=O)O,5.65,
C/C=C/C=C/C(=O)O,7.11,
O=C(O)CC(=O)O,8.81,
O=C(O)CCC(=O)O,9.54,
O=C(O)CCCC(=O)O,9.88,
O=C(O)CCCCC(=O)O,10.74,
O=C(O)CCCCCC(=O)O,10.69,
O=C(O)c1ccccc1,7.23,
O=C(O)Cc1cccc2ccccc12,9.33,
COC=O,1.75,
CCOC=O,2.19,
COC(C)=O,2.31,
CCCOC=O,2.66,
CCOC(C)=O,2.7,
CCC(=O)OC,2.9,
CCCC(=O)OC,3.29,
CCCOC(C)=O,3.17,
CCOC(=O)CC,3.15,
CCCCOC(C)=O,3.65,
CCCCC(=O)OC,3.8,
CCCC(=O)OCC,3.56,
CCCCCC(=O)OC,4.22,
CCCCCOC(C)=O,4.12,
CCCOC(=O)CCC,3.79,
CCCCCCOC(C)=O,4.58,
CCCCCOC(=O)CC,4.21,
CCCCCC(=O)OCC,4.42,
CCCCCCCCCC(=O)OC,5.94,
CCCCCCCCCCCC(=O)OC,6.84,
CC(=O)OC(C)C,2.93,
CCC(C)OC(C)=O,3.32,
CCC(=O)OC(C)C,3.16,
CC(=O)OCC(C)C,3.45,
CC(=O)OCCC(C)C,3.94,
CCCCC(CC)COC(C)=O,6.11,
CC(=O)OC(C)(C)C,3.26,
COC(=O)C(C)(C)C,3.55,
O=C1CCCCCCCCCCCCCCCO1,7.31,
C=CC(=O)OC,2.8,
C=COC(C)=O,2.33,
C=CC(=O)OCC,3.12,
C=CCOC(C)=O,3.03,
C=CC(=O)OCCCC,4.05,
CCCCCCCC/C=C/CCCCCCCC(=O)OC,9.59,
C=C(C)C(=O)OC,3.08,
C=C(C)C(=O)OCC,3.34,
C=CC(=O)OCC(C)C,3.71,
C=C(C)C(=O)OCCCC,4.41,
C=C(C)C(=O)OCC(C)C,4.31,
C=CCOC(=O)C(=C)C,4.12,
CCOC(=O)/C=C(C)/C=C/CC(C)CCCC(C)C,9.36,
C#CCOC(=O)/C=C(C)/C=C/CC(C)CCCC(C)C,8.19,
COC(=O)C(=O)OC,3.52,
COC(=O)CC(=O)OC,4.68,
CCOC(=O)C(=O)OCC,4.41,
COC(=O)CCC(=O)OC,4.99,
CCOC(=O)CC(=O)OCC,5.01,
COC(=O)CCCCC(=O)OC,5.87,
CCOC(=O)CCC(=O)OCC,5.69,
CCOC(=O)CCCCC(=O)OCC,6.3,
O=C1CCCCCCCCCCC(=O)OCCO1,7.75,
COC(=O)/C=C\C(=O)OC,4.86,
CC(=O)OCC(COC(C)=O)OC(C)=O,6.42,
COC(=O)c1ccccc1,4.92,
CCOC(=O)c1ccccc1,5.26,
CC(=O)OCc1ccccc1,5.2,
CCCCOC(=O)c1ccccc1,6.25,
CCOC(=O)/C=C/c1ccccc1,6.67,
O=c1ccc2ccccc2o1,6.59,
O=C(OCc1ccccc1)c1ccccc1,7.94,
COC(=O)c1ccc(C(=O)OC)cc1,6.81,
COC(=O)c1ccccc1C(=O)OC,6.8,
CCOC(=O)c1ccccc1C(=O)OCC,7.31,
CCCOC(=O)c1ccccc1C(=O)OCCC,7.9,
CCCCOC(=O)c1ccccc1C(=O)OCCCC,8.66,
CCCCCCOC(=O)c1ccccc1C(=O)OCCCCCC,10.43,
CCCCCCCCOC(=O)c1ccccc1C(=O)OCCCCCCCC,11.2,
CCCCC(CC)COC(=O)c1ccccc1C(=O)OCC(CC)CCCC,10.48,
Cc1cc(C)c(C2=C(OC(=O)CC(C)(C)C)C3(CCCC3)OC2=O)c(C)c1,9.46,
C=CCOC(=O)c1ccccc1C(=O)OCC=C,7.92,
CCCCOC(=O)c1ccccc1C(=O)OCc1ccccc1,9.66,
CCOC(=O)OCC,3.55,
CC1COC(=O)O1,4.81,
O=C(Oc1ccccc1)Oc1ccccc1,6.93,
O=C1OC(=O)c2ccccc21,7.54,
O=C(OOC(=O)c1ccccc1)c1ccccc1,7.55,
CC(=O)Oc1ccccc1C(=O)O,8.19,
COCCO,3.76,
CCOCCO,4.12,
CCCCOCCO,4.84,
CCCCCCOCCO,5.76,
CC(C)OCCO,4.65,
CCCCOCCOCCO,6.81,
CCCCCCOCCOCCO,6.62,
OCCOc1ccccc1,5.86,
COc1ccccc1O,5.26,
COc1cccc(O)c1,6.76,
C=CCc1ccc(O)c(OC)c1,6.48,
COc1cccc(OC)c1O,6.05,
O=Cc1ccccc1O,4.7,
O=Cc1cccc(O)c1,8.02,
O=Cc1ccc(O)cc1,8.75,
COc1cc(C=O)ccc1O,7.37,
CCOc1cc(C=O)ccc1O,7.49,
CC(=O)c1ccccc1O,5.21,
COc1ccc(C(=O)c2ccccc2)c(O)c1,9.06,
O=C1c2ccccc2C(=O)c2c(O)cccc21,9.87,
O=C(O)CO,6.08,
O=C(O)CC(O)C(=O)O,9.9,
O=C(O)c1ccccc1O,7.44,
O=C(O)c1ccc(O)cc1,10.03,
O=C1CC(C(=O)O)CC(=O)C1=C(O)C1CC1,11.24,
C=C(C)C(=O)OCCO,5.3,
O=c1c(C2CCCc3ccccc32)c(O)oc2ccccc12,13.34,
COC(=O)c1ccccc1O,5.86,
COC(=O)c1ccc(O)cc1,8.57,
CCOC(=O)c1ccc(O)cc1,8.9,
CCCOC(=O)c1ccc(O)cc1,9.48,
CCCCOC(=O)c1ccc(O)cc1,9.63,
CC1=C[C@H]2C(=O)O[C@H]3CC(C/C=C(\C)C[C@@H](C)/C=C/C=C4\CO[C@H]([C@@H]1O)[C@@]42O)O[C@@]1(CC[C@H](C)C(C)O1)C3,17.15,
CCC1O[C@]2(CCC1C)C[C@@H]1C[C@@H](C/C=C(\C)CC(C)/C=C/C=C3\CO[C@@H]4[C@H](O)C(C)=C[C@@H](C(=O)O1)[C@]34O)O2,16.13,
CCOC(=O)C1CC(=O)C(=C(O)C2CC2)C(=O)C1,7.92,
CC(=O)CC(c1ccccc1)c1c(O)oc2ccccc2c1=O,10.34,
C=C1C[C@]23C[C@@]1(O)CC[C@H]2[C@@]12C=C[C@H](O)C(C)(C(=O)O1)[C@H]2[C@@H]3C(=O)O,10.32,
COc1ccccc1C=O,5.94,
COc1cccc(C=O)c1,5.64,
COc1ccc(C=O)cc1,6.22,
O=Cc1ccco1,3.96,
Cc1ccc(C=O)o1,4.56,
COC(C)(C)CC(C)=O,4.4,
COc1ccccc1C(C)=O,6.27,
COc1cccc(C(C)=O)c1,6.33,
COc1ccc(C(C)=O)cc1,6.26,
O=C(O)COc1ccc2ccccc2c1,11.17,
CCOCCOC(C)=O,4.43,
COCC(C)OC(C)=O,4.16,
COC(C)(C)CCCC(C)C/C=C/C(C)=C/C(=O)OC(C)C,9.2,
CC1CC(OC(=O)c2ccccc2O)CC(C)(C)C1,8.56,
CCCCC(CC)C/C(=C\c1ccc(OC)cc1)C(=O)[O-],9.7,
CCCCC(CC)COC(=O)C=Cc1ccc(OC)cc1,9.08,
CC(C)=CC1C(C(=O)OCc2cccc(Oc3ccccc3)c2)C1(C)C,11.7,
O=C1CCCCCCCCCCOCCCCO1,7.74,
CC(C)=CC1C(C(=O)OCc2coc(Cc3ccccc3)c2)C1(C)C,11.19,
CC(=O)C(=O)O,5.16,
CCOC(=O)CC(C)=O,4.36,
CCCCCC1C(=O)CCC1CC(=O)OCCC,8.59,
C=CCC1=C(C)C(OC(=O)C2C(C=C(C)C)C2(C)C)CC1=O,9.94,
OCCF,1.98,
OCC(F)(F)F,3.33,
OCC(F)(F)C(F)(F)F,3.69,
OCCC(F)(F)C(F)(F)C(F)(F)C(F)(F)F,4.54,
OCCC(F)(F)C(F)(F)C(F)(F)C(F)(F)C(F)(F)C(F)(F)F,5.26,
OCCC(F)(F)C(F)(F)C(F)(F)C(F)(F)C(F)(F)C(F)(F)C(F)(F)C(F)(F)F,5.56,
OCCC(F)(F)C(F)(F)C(F)(F)C(F)(F)C(F)(F)C(F)(F)C(F)(F)C(F)(F)C(F)(F)C(F)(F)F,5.71,
OCCC(F)(F)C(F)(F)C(F)(F)C(F)(F)C(F)(F)C(F)(F)C(F)(F)C(F)(F)C(F)(F)C(F)(F)C(F)(F)C(F)(F)F,6.16,
OCCCl,4.3,
OCCCCl,4.81,
OCC(Cl)Cl,3.14,
OCC(Cl)(Cl)Cl,5.15,
CC(O)C(F)(F)F,3.62,
OC(C(F)(F)F)C(F)(F)F,4.34,
OC(CCl)CCl,4.31,
OC(O)C(Cl)(Cl)Cl,7.65,
OC(c1ccc(Cl)cc1)(c1ccc(Cl)cc1)C(Cl)(Cl)Cl,11.45,
Oc1ccccc1F,5.46,
Oc1ccc(F)cc1,6.16,
Oc1c(F)c(F)c(F)c(F)c1F,4.42,
Oc1ccccc1Cl,5.4,
Oc1cccc(Cl)c1,7.21,
Oc1ccc(Cl)cc1,7.39,
Cc1cc(Cl)ccc1O,7.02,
Cc1cc(O)ccc1Cl,7.95,
Oc1ccc(Cl)cc1Cl,6.72,
Oc1c(Cl)cccc1Cl,6.03,
Oc1cc(Cl)cc(Cl)c1,8.28,
Oc1cccc(Cl)c1Cl,6.15,
Oc1cc(Cl)cc(Cl)c1Cl,7.33,
Oc1cc(Cl)c(Cl)cc1Cl,6.9,
Oc1c(Cl)cc(Cl)cc1Cl,6.96,
Oc1c(Cl)cc(Cl)c(Cl)c1Cl,8.01,
Oc1c(Cl)c(Cl)c(Cl)c(Cl)c1Cl,9.01,
Oc1ccc(Br)cc1,7.67,
Oc1ccccc1I,7.07,
Oc1ccc(I)cc1,8.09,
Oc1cc(Cl)c(Cl)c(Cl)c1O,9.36,
Oc1c(O)c(Cl)c(Cl)c(Cl)c1Cl,9.09,
Oc1ccc(Cl)cc1Cc1cc(Cl)ccc1O,14.33,
CC(C)(c1cc(Br)c(O)c(Br)c1)c1cc(Br)c(O)c(Br)c1,14.83,
FC(F)(F)COCC(F)(F)F,1.88,
ClCCOCCCl,3.5,
FC(F)OC(F)(F)C(F)Cl,2.48,
FC(F)OC(Cl)C(F)(F)F,2.02,
COC(F)(F)C(Cl)Cl,3.03,
CC(CCl)OC(C)CCl,4.3,
COc1ccccc1Cl,5.1,
COc1cccc(Cl)c1,4.92,
COc1ccc(Cl)cc1,4.97,
COc1cccc(Cl)c1Cl,5.06,
COc1ccc(Cl)cc1Cl,4.96,
COc1cc(Cl)ccc1Cl,5,
COc1c(Cl)cccc1Cl,4.55,
COc1ccc(Cl)c(Cl)c1,5.11,
COc1cc(Cl)cc(Cl)c1,4.83,
COc1ccc(Cl)c(Cl)c1Cl,5.61,
OCc1cc(Cl)cc(Cl)c1Cl,5.39,
COc1cc(Cl)c(Cl)cc1Cl,5.43,
COc1c(Cl)cc(Cl)cc1Cl,5.17,
COc1c(Cl)ccc(Cl)c1Cl,5.22,
COc1cc(Cl)c(Cl)c(Cl)c1,5.58,
COc1cc(Cl)c(Cl)c(Cl)c1Cl,5.9,
COc1c(Cl)cc(Cl)c(Cl)c1Cl,6.02,
COc1c(Cl)c(Cl)cc(Cl)c1Cl,5.71,
COc1c(Cl)c(Cl)c(Cl)c(Cl)c1Cl,6.65,
COc1ccccc1Br,4.7,
COc1cccc(Br)c1,4.43,
COc1ccc(Br)cc1,4.48,
COc1ccc(Br)cc1Br,6.05,
COc1c(Br)cccc1Br,5.37,
COc1ccc(Br)c(Br)c1Br,6.36,
COc1c(Br)ccc(Br)c1Br,6.48,
COc1c(Br)cc(Br)cc1Br,6.21,
COc1c(Br)c(Br)c(Br)c(Br)c1Br,9.01,
BrCC(Br)COc1c(Br)cc(Br)cc1Br,8.77,
COc1ccc(Cl)cc1Br,5.26,
COc1c(Cl)cccc1Br,4.96,
COc1ccc(Br)cc1Cl,5.26,
COc1c(Cl)cc(Cl)cc1Br,5.48,
COc1ccc(Cl)c(Br)c1Cl,5.54,
COc1c(Cl)ccc(Br)c1Cl,5.7,
COc1c(Cl)cc(Br)cc1Cl,5.49,
COc1cc(Cl)c(Br)c(Cl)c1,5.82,
COc1cc(Br)c(Cl)cc1Cl,5.9,
COc1c(Br)ccc(Cl)c1Cl,5.9,
COc1cc(Cl)c(Br)cc1Br,6.18,
COc1c(Br)cc(Cl)cc1Br,5.77,
C=CCOc1c(Br)cc(Br)cc1Br,6.8,
Clc1ccccc1Oc1ccccc1,6.42,
Clc1ccc(Oc2ccccc2)cc1,6.84,
Clc1ccc(Oc2ccccc2)c(Cl)c1,7.7,
Clc1cccc(Cl)c1Oc1ccccc1,6.82,
Clc1ccc(Oc2ccccc2)cc1Cl,7.54,
Clc1ccc(Oc2cccc(Cl)c2)cc1,7.75,
Clc1cc(Cl)cc(Oc2ccccc2)c1,7.57,
Clc1ccc(Oc2ccccc2Cl)c(Cl)c1,8.09,
Clc1ccc(Oc2cccc(Cl)c2Cl)cc1,8.72,
Clc1cc(Cl)c(Cl)c(Oc2ccccc2)c1,8.55,
Clc1ccc(Cl)c(Oc2ccccc2)c1Cl,7.4,
Clc1cccc(Oc2ccc(Cl)cc2Cl)c1,8.43,
Clc1ccc(Oc2ccc(Cl)cc2Cl)cc1,7.61,
Clc1cc(Cl)c(Oc2ccccc2)cc1Cl,7.16,
Clc1ccc(Oc2cc(Cl)ccc2Cl)cc1,8.46,
Clc1ccc(Oc2c(Cl)cccc2Cl)cc1,7.49,
Clc1ccc(Oc2ccccc2Cl)cc1Cl,8.59,
Clc1cccc(Oc2ccc(Cl)c(Cl)c2)c1,8.69,
Clc1ccc(Oc2ccc(Cl)c(Cl)c2)cc1,8.71,
Clc1ccc(Oc2cc(Cl)cc(Cl)c2)cc1,8.51,
Clc1ccc(Oc2ccc(Cl)cc2Cl)c(Cl)c1,8.08,
Clc1ccc(Oc2ccc(Cl)c(Cl)c2)c(Cl)c1,8.22,
Clc1ccc(Oc2cc(Cl)c(Cl)cc2Cl)cc1,7.95,
Clc1ccc(Oc2ccc(Cl)c(Cl)c2)cc1Cl,8.7,
Clc1ccc(Oc2ccc(Cl)c(Cl)c2Cl)c(Cl)c1,8.71,
Clc1ccc(Oc2cc(Cl)c(Cl)cc2Cl)c(Cl)c1,8.39,
Clc1ccc(Oc2c(Cl)cc(Cl)cc2Cl)c(Cl)c1,8.14,
Clc1ccc(Cl)c(Oc2cc(Cl)c(Cl)cc2Cl)c1,8.14,
Clc1ccc(Oc2ccc(Cl)c(Cl)c2Cl)cc1Cl,8.89,
Clc1ccc(Oc2cc(Cl)c(Cl)c(Cl)c2)cc1Cl,8.74,
Clc1ccc(Oc2ccc(Cl)c(Cl)c2Cl)c(Cl)c1Cl,9.55,
Clc1cc(Cl)c(Oc2ccc(Cl)c(Cl)c2Cl)cc1Cl,9.14,
Clc1cc(Cl)c(Oc2ccc(Cl)c(Cl)c2Cl)cc1Cl,9.45,
Clc1cc(Cl)c(Oc2ccc(Cl)c(Cl)c2Cl)c(Cl)c1,9.04,
Clc1cc(Cl)c(Oc2cc(Cl)c(Cl)cc2Cl)cc1Cl,8.64,
Clc1cc(Cl)c(Oc2cc(Cl)c(Cl)cc2Cl)c(Cl)c1,8.41,
Clc1cc(Cl)c(Oc2cc(Cl)c(Cl)c(Cl)c2)cc1Cl,8.93,
Clc1cc(Cl)c(Oc2cc(Cl)c(Cl)c(Cl)c2Cl)cc1Cl,9.15,
Clc1cc(Oc2cc(Cl)c(Cl)c(Cl)c2Cl)c(Cl)c(Cl)c1Cl,9.47,
Clc1cc(Oc2c(Cl)c(Cl)c(Cl)c(Cl)c2Cl)c(Cl)c(Cl)c1Cl,9.81,
Clc1c(Cl)c(Cl)c(Oc2c(Cl)c(Cl)c(Cl)c(Cl)c2Cl)c(Cl)c1Cl,8.24,
Brc1ccccc1Oc1ccccc1,7.24,
Brc1cccc(Oc2ccccc2)c1,7.36,
Brc1ccc(Oc2ccccc2)c(Br)c1,8.37,
Brc1ccc(Oc2ccccc2Br)cc1,8.47,
Brc1cccc(Br)c1Oc1ccccc1,8.12,
Brc1ccc(Oc2ccccc2)cc1Br,8.55,
Brc1ccc(Oc2cccc(Br)c2)cc1,8.57,
Brc1ccc(Oc2ccc(Br)cc2)cc1,8.64,
Brc1ccc(Oc2ccccc2Br)c(Br)c1,9.27,
Brc1ccc(Oc2ccccc2)c(Br)c1Br,9.49,
Brc1ccc(Oc2ccc(Br)cc2Br)cc1,9.46,
Brc1cc(Br)c(Oc2ccccc2)c(Br)c1,9.02,
Brc1ccc(Oc2c(Br)cccc2Br)cc1,9.28,
Brc1cccc(Oc2ccc(Br)c(Br)c2)c1,9.61,
Brc1ccc(Oc2ccc(Br)c(Br)c2)cc1,9.68,
Brc1ccc(Oc2ccc(Br)cc2Br)c(Br)c1,10.34,
Brc1ccc(Oc2ccc(Br)c(Br)c2)c(Br)c1,10.58,
Brc1cccc(Oc2c(Br)cc(Br)cc2Br)c1,10.23,
Brc1ccc(Oc2c(Br)cc(Br)cc2Br)cc1,10.13,
Brc1ccc(Oc2ccc(Br)c(Br)c2)cc1Br,10.7,
Brc1cccc(Oc2ccc(Br)c(Br)c2Br)c1Br,11.14,
Brc1ccc(Oc2ccc(Br)c(Br)c2Br)c(Br)c1,11.63,
Brc1ccc(Oc2cc(Br)c(Br)cc2Br)c(Br)c1,11.45,
Brc1ccc(Oc2c(Br)cc(Br)cc2Br)c(Br)c1,11.18,
Brc1cc(Br)c(Oc2ccc(Br)c(Br)c2)c(Br)c1,11.52,
Brc1ccc(Oc2cc(Br)c(Br)c(Br)c2)cc1Br,12,
Brc1cc(Br)c(Oc2cc(Br)c(Br)cc2Br)cc1Br,12.15,
Brc1cc(Br)c(Oc2cc(Br)c(Br)cc2Br)c(Br)c1,11.94,
Brc1ccc(Oc2cc(Br)c(Br)c(Br)c2Br)cc1Br,11.98,
Brc1cc(Br)c(Oc2c(Br)cc(Br)c(Br)c2Br)cc1Br,14.4,
Brc1c(Br)c(Br)c(Oc2c(Br)c(Br)c(Br)c(Br)c2Br)c(Br)c1Br,16.12,
COc1cc(Cl)c(Cl)c(Cl)c1OC,6.84,
COc1c(Cl)c(Cl)c(Cl)c(Cl)c1OC,7.31,
COc1cc(Br)cc(Br)c1Oc1ccc(Br)cc1Br,10.77,
COc1ccc(C(c2ccc(OC)cc2)C(Cl)(Cl)Cl)cc1,10.57,
CC(C)(COCc1cccc(Oc2ccccc2)c1)c1ccc(OC(F)(F)Br)cc1,12.88,
ClCC1CO1,3.21,
ClC1=C(Cl)C2(Cl)C3C4CC(C5OC45)C3C1(Cl)C2(Cl)Cl,9.02,
ClC1=C(Cl)C2(Cl)C3C4CC(C5OC45)C3C1(Cl)C2(Cl)Cl,9.09,
ClC1=C(Cl)C2(Cl)C3C4OC4C(Cl)C3C1(Cl)C2(Cl)Cl,8.62,
ClC1=C(Cl)C2(Cl)C3C4OC4(Cl)C(Cl)C3C1(Cl)C2(Cl)Cl,8.39,
Clc1cc(Cl)cc(C2(CC(Cl)(Cl)Cl)CO2)c1,7.09,
Clc1ccc2oc3ccccc3c2c1,7.67,
Clc1ccc2oc3ccccc3c2c1,7.67,
Clc1cc2oc3ccccc3c2cc1Cl,8.3,
Clc1ccc2c(c1)oc1ccc(Cl)cc12,8.27,
Clc1ccc2oc3ccc(Cl)cc3c2c1,8.36,
Clc1ccc2c(oc3ccccc32)c1Cl,8.33,
Clc1ccc2c(c1)oc1c(Cl)cccc12,8.93,
Clc1cc(Cl)c2oc3c(Cl)cccc3c2c1,8.82,
Clc1ccc2oc3c(Cl)cc(Cl)cc3c2c1,8.82,
Clc1c(Cl)c(Cl)c2c(oc3ccccc32)c1Cl,9.47,
Clc1ccc2c(c1)oc1cc(Cl)c(Cl)c(Cl)c12,9.42,
Clc1cc2oc3ccc(Cl)c(Cl)c3c2cc1Cl,9.78,
Clc1cc(Cl)c2c(c1)oc1c(Cl)cc(Cl)cc12,9.75,
Clc1cc(Cl)c2c(c1)oc1cc(Cl)c(Cl)cc12,9.32,
Clc1cc(Cl)c2c(c1)oc1cc(Cl)cc(Cl)c12,9.82,
Clc1cc2oc3cc(Cl)c(Cl)cc3c2cc1Cl,9.89,
Clc1ccc2c(c1)oc1c(Cl)c(Cl)c(Cl)c(Cl)c12,10.12,
Clc1cc2oc3cc(Cl)c(Cl)c(Cl)c3c2cc1Cl,10.43,
Clc1cc2oc3ccc(Cl)c(Cl)c3c2c(Cl)c1Cl,10.48,
Clc1cc2oc3c(Cl)cc(Cl)c(Cl)c3c2cc1Cl,9.96,
Clc1cc2oc3c(Cl)c(Cl)c(Cl)cc3c2cc1Cl,10.37,
Clc1cc(Cl)c2oc3c(Cl)c(Cl)c(Cl)c(Cl)c3c2c1,10.44,
Clc1cc2oc3c(Cl)c(Cl)c(Cl)c(Cl)c3c2cc1Cl,10.77,
Clc1ccc2oc3c(Cl)c(Cl)c(Cl)c(Cl)c3c2c1Cl,10.95,
Clc1cc2c(oc3cc(Cl)c(Cl)c(Cl)c32)c(Cl)c1Cl,10.78,
Clc1cc2oc3cc(Cl)c(Cl)c(Cl)c3c2c(Cl)c1Cl,10.93,
Clc1cc2c(oc3c(Cl)cc(Cl)c(Cl)c32)c(Cl)c1Cl,10.5,
Clc1cc(Cl)c2oc3c(Cl)cc(Cl)c(Cl)c3c2c1Cl,10.55,
Clc1cc2c(oc3c(Cl)c(Cl)c(Cl)cc32)c(Cl)c1Cl,10.87,
Clc1cc2c(oc3c(Cl)c(Cl)c(Cl)c(Cl)c32)c(Cl)c1Cl,11.17,
Clc1cc(Cl)c2oc3c(Cl)c(Cl)c(Cl)c(Cl)c3c2c1Cl,11.17,
Clc1cc2oc3c(Cl)c(Cl)c(Cl)c(Cl)c3c2c(Cl)c1Cl,11.43,
Clc1c(Cl)c(Cl)c2c(oc3c(Cl)c(Cl)c(Cl)c(Cl)c32)c1Cl,11.9,
Clc1cccc2c1Oc1ccccc1O2,7.86,
Clc1ccc2c(c1)Oc1ccccc1O2,7.56,
O=S(=O)([O-])C(F)(F)C(F)(F)C(F)(F)C(F)(F)C(F)(F)C(F)(F)C(F)(F)C(F)(F)F.[Li+],8.5,
Clc1ccc2c(c1)Oc1ccc(Cl)cc1O2,8.36,
Clc1ccc2c(c1)Oc1cc(Cl)ccc1O2,8.36,
Clc1cc(Cl)c2c(c1Cl)Oc1ccccc1O2,8.97,
Clc1ccc2c(c1)Oc1cc(Cl)cc(Cl)c1O2,9.63,
Clc1ccc2c(c1)Oc1cc(Cl)c(Cl)cc1O2,9.14,
Clc1c(Cl)c(Cl)c2c(c1Cl)Oc1ccccc1O2,9.7,
Clc1ccc2c(c1)Oc1cc(Cl)c(Cl)c(Cl)c1O2,9.94,
Clc1cc2c(cc1Cl)Oc1c(ccc(Cl)c1Cl)O2,9.96,
Clc1cc(Cl)c2c(c1)Oc1c(Cl)cc(Cl)cc1O2,9.38,
Clc1cc(Cl)c2c(c1)Oc1cc(Cl)c(Cl)cc1O2,9.86,
Clc1cc(Cl)c2c(c1)Oc1cc(Cl)cc(Cl)c1O2,9.93,
Clc1cc2c(cc1Cl)Oc1cc(Cl)c(Cl)cc1O2,10.05,
Clc1ccc2c(c1)Oc1c(Cl)c(Cl)c(Cl)c(Cl)c1O2,10.67,
Clc1cc2c(cc1Cl)Oc1c(cc(Cl)c(Cl)c1Cl)O2,10.57,
Clc1cc2c(cc1Cl)Oc1c(Cl)c(Cl)cc(Cl)c1O2,10.24,
Clc1cc2c(cc1Cl)Oc1c(Cl)c(Cl)c(Cl)c(Cl)c1O2,11.11,
Clc1cc2c(c(Cl)c1Cl)Oc1cc(Cl)c(Cl)c(Cl)c1O2,10.97,
Clc1cc2c(c(Cl)c1Cl)Oc1c(cc(Cl)c(Cl)c1Cl)O2,11.01,
Clc1cc(Cl)c2c(c1Cl)Oc1c(Cl)cc(Cl)c(Cl)c1O2,10.93,
Clc1cc2c(c(Cl)c1Cl)Oc1c(Cl)c(Cl)c(Cl)c(Cl)c1O2,11.42,
Clc1c(Cl)c(Cl)c2c(c1Cl)Oc1c(Cl)c(Cl)c(Cl)c(Cl)c1O2,13.31,
O=CC(Cl)(Cl)Cl,3.44,
O=CC1CC2C3C1C1(Cl)C(Cl)(Cl)C3(Cl)C3(Cl)C2C13Cl,9.47,
CC(=O)CF,2.35,
CC(=O)C(F)(F)F,3.51,
O=C1C2(Cl)C3(Cl)C4(Cl)C(Cl)(Cl)C5(Cl)C3(Cl)C1(Cl)C5(Cl)C24Cl,10.87,
O=C1C(Cl)=C(Cl)C(=O)c2ccccc21,7.72,
O=C1C2CC3C1C1(Cl)C(Cl)C4(Cl)C2C3C1(Cl)C4(Cl)Cl,10.11,
O=C(O)CCl,6.34,
O=C(O)C(Cl)Cl,7.14,
CC(Cl)(Cl)C(=O)O,6.53,
O=C(O)C(Cl)(Cl)Cl,7.36,
O=C(O)CBr,6.69,
COC(=O)C(F)(F)F,1.58,
CCOC(=O)C(F)(F)F,1.56,
CCOC(=O)CCl,3.62,
C=CC(=O)OCCC(F)(F)C(F)(F)C(F)(F)C(F)(F)C(F)(F)C(F)(F)F,4.67,
C=CC(=O)OCCC(F)(F)C(F)(F)C(F)(F)C(F)(F)C(F)(F)C(F)(F)C(F)(F)C(F)(F)F,5.34,
C=CC(=O)OCCC(F)(F)C(F)(F)C(F)(F)C(F)(F)C(F)(F)C(F)(F)C(F)(F)C(F)(F)C(F)(F)C(F)(F)F,5.68,
CC(=O)OC(c1ccc(Cl)c(Cl)c1)C(Cl)(Cl)Cl,9,
O=C1OCc2c(Cl)c(Cl)c(Cl)c(Cl)c21,7.75,
Cc1c(F)c(F)c(COC(=O)C2C(/C=C(\Cl)C(F)(F)F)C2(C)C)c(F)c1F,7.79,
CC1(C)[C@H](C=C(Cl)Cl)[C@H]1C(=O)OCc1c(F)c(F)cc(F)c1F,8.36,
CCCCC(CC)COC(=O)c1cc(Br)c(Br)c(Br)c1Br,10.43,
COC(=O)c1c(Cl)c(Cl)c(C(=O)OC)c(Cl)c1Cl,8.51,
COc1cc(Cl)c(Cl)cc1O,6.94,
COc1c(O)cc(Cl)c(Cl)c1Cl,8.02,
COc1cc(Cl)c(Cl)c(Cl)c1O,6.66,
COc1c(O)c(Cl)c(Cl)c(Cl)c1Cl,8.02,
Oc1ccccc1Oc1ccc(Br)cc1,8.3,
Oc1cc(Oc2ccc(Br)cc2Br)c(Br)cc1Br,10.82,
Oc1cc(Br)cc(Br)c1Oc1ccc(Br)cc1Br,10.83,
Oc1cc(Oc2cc(Br)c(Br)cc2Br)c(Br)cc1Br,11.47,
COc1c(O)c(OC)c(Cl)c(Cl)c1Cl,8.69,
CCOC(=O)C(O)(c1ccc(Cl)cc1)c1ccc(Cl)cc1,10.44,
CC(C)OC(=O)C(O)(c1ccc(Br)cc1)c1ccc(Br)cc1,11.73,
COC(=O)C1(O)c2ccccc2-c2ccc(Cl)cc21,9.17,
CCC1(CC2(c3cccc(Cl)c3)CO2)C(=O)c2ccccc2C1=O,11.06,
O=C(O)COc1ccc(Cl)cc1,10.11,
Cc1cc(Cl)ccc1OCC(=O)O,10.28,
COc1c(Cl)ccc(Cl)c1C(=O)O,8.83,
O=C(O)COc1ccc(Cl)cc1Cl,10.15,
O=C(O)CCCOc1ccc(Cl)cc1Cl,10.18,
O=C(O)COc1cc(Cl)c(Cl)cc1Cl,9.59,
Cc1cc(Cl)ccc1OC(C)C(=O)O,9.74,
CC(Oc1ccc(Cl)cc1Cl)C(=O)O,10.68,
CC(Oc1ccc(Oc2ccc(Cl)cc2Cl)cc1)C(=O)O,13.75,
CCOC(=O)CCCOc1ccc(Cl)cc1C,9.15,
CCCCC(CC)COC(=O)COc1ccc(Cl)cc1C,9.83,
CC(C)OC(=O)COc1ccc(Cl)cc1Cl,6.21,
CCCCC(CC)COC(=O)COc1ccc(Cl)cc1Cl,9.12,
C/C=C/C1C(C(=O)OCc2c(F)c(F)c(COC)c(F)c2F)C1(C)C,8.54,
CC1(C)[C@@H](C=C(Cl)Cl)[C@H]1C(=O)OCc1cccc(Oc2ccccc2)c1,12.19,
CCCCOCCOC(=O)C(C)Oc1ccc(Cl)cc1C,8.44,
COC(=O)C(C)Oc1ccc(Oc2ccc(Cl)cc2Cl)cc1,9.5,
CN,2.55,
CCN,2.96,
CCCN,3.6,
CCCCN,3.61,
CCCCCN,4.39,
CCCCCCN,4.88,
CCCCCCCN,5.29,
CCCCCCCCN,5.73,
CCCCCCCCCCCCCN,8.24,
CCC(C)N,3.61,
CCCCC(CC)CN,5.19,
NC1CCCCC1,5.13,
C=CCN,3.28,
NCCN,4.49,
CNC,2,
CCNCC,3.42,
CCCNCCC,3.59,
CCCCNCCCC,5.17,
CC(C)NC(C)C,3.68,
CC[C@H](C)[NH2+][C@H](C)CC,4.64,
C1CCNC1,4.07,
C1CCNCC1,4.04,
C=CCNCC=C,4,
C1CNCCN1,3.77,
CN(C)C,2.36,
CCN(CC)CC,3.45,
CCCN(CCC)CCC,4.34,
CN1CCCC1,3.64,
CN1CCCCC1,4.05,
C=CCN(CC=C)CC=C,4.53,
Nc1ccccc1,4.48,
Cc1cccc(N)c1,5.42,
Cc1ccc(N)cc1,5.31,
Cc1ccccc1N,4.66,
CCc1ccccc1N,5.43,
CCc1ccc(N)cc1,5.64,
Cc1cccc(N)c1C,5.77,
Cc1ccc(N)c(C)c1,5.37,
Cc1ccc(C)c(N)c1,5.5,
Cc1cccc(C)c1N,5.54,
Cc1ccc(N)cc1C,5.85,
Cc1cc(C)c(N)cc1C,6.15,
CC(C)c1ccccc1N,5.59,
Nc1cccc2ccccc12,7.42,
Nc1ccc2ccccc2c1,7.59,
Nc1ccccc1N,5.64,
Nc1cccc(N)c1,6.64,
Nc1ccc(-c2ccc(N)cc2)cc1,10.29,
CNc1ccccc1,4.99,
CCNc1ccccc1,5.46,
c1ccc(Nc2ccccc2)cc1,7.64,
CN(C)c1ccccc1,4.78,
Cc1ccc(N(C)C)cc1,5.46,
CN(C)Cc1ccccc1,5,
CCN(CC)c1ccccc1,5.56,
CC(Cc1ccc(C(C)(C)C)cc1)CN1CCCCC1,9.38,
C#N,1.83,
CC#N,2.31,
CCC#N,2.69,
CCCC#N,3.12,
CCCCC#N,3.6,
CCCCCC#N,4.08,
CCCCCCCCC#N,5.11,
CC(C)C#N,2.87,
C=CC#N,2.28,
C=CCC#N,2.95,
C=C(C)C#N,2.6,
N#CCCC#N,5.16,
N#CCCCCC#N,5.64,
N#Cc1ccccc1,4.46,
N#CCc1ccccc1,4.99,
Cc1ccccc1C#N,4.69,
C1=CC=C(C=C1)NN,7.71,
c1ccc(N=Nc2ccccc2)cc1,7.06,
c1cc[nH]c1,3.77,
Cn1cccc1,3.28,
c1ccc2[nH]ccc2c1,6.95,
Cn1ccc2ccccc21,6.76,
c1ccc2c(c1)[nH]c1ccccc12,8.03,
c1ccc2n[nH]nc2c1,5.99,
c1ccncc1,3.91,
Cc1ccccn1,4.3,
Cc1cccnc1,4.57,
Cc1ccncc1,4.7,
CCc1ccccn1,4.76,
CCc1cccnc1,4.92,
CCc1ccncc1,5,
Cc1ccnc(C)c1,5.22,
Cc1ccncc1C,5.38,
Cc1cncc(C)c1,5.22,
Cc1cccc(C)n1,4.94,
Cc1cc(C)nc(C)c1,5.15,
C=Cc1ccncc1,4.67,
c1ccc2ncccc2c1,6.06,
c1ccc2cnccc2c1,6.16,
Cc1ccc2ccccc2n1,6.99,
c1ccc2nc3ccccc3cc2c1,8.35,
c1ccc2c(c1)ccc1ncccc12,8.43,
c1ccc2c(c1)cnc1ccccc12,9.55,
Cc1cnccn1,4.05,
CCc1cnccn1,4.48,
Cc1cnc(C)cn1,4.69,
Cc1cncc(C)n1,3.82,
CCc1ncc(C)nc1CC,5.15,
c1cc(-c2ccncc2)ccn1,7.78,
Cc1ccc(N=CN(C)C=Nc2ccc(C)cc2C)c(C)c1,10.11,
Nc1ccncc1,7.99,
Nc1ncn[nH]1,8.09,
CCCCCCCCc1c(CC)nc2ncnn2c1N,13.73,
Nc1ccc(N=Nc2ccccc2)c(N)n1,14.05,
Cn1cnc2c(N)ncnc21,9.5,
Cc1cc(C)nc(Nc2ccccc2)n1,8.43,
Cc1cc(C2CC2)nc(Nc2ccccc2)n1,9.37,
CC#Cc1cc(C)nc(Nc2ccccc2)n1,9.38,
c1ccc(CNc2ncnc3nc[nH]c23)cc1,12.86,
Nc1nc(N)nc(NC2CC2)n1,10.97,
CC(C)(C#N)N=NC(C)(C)C#N,4.69,
N#Cc1cccnc1,5.08,
N#Cc1ccncc1,4.68,
C/C(=N/Nc1nc(C)cc(C)n1)c1ccccc1C,10.88,
NCCO,6.32,
N#Cc1cccc(O)c1,8.43,
N#Cc1ccc(O)cc1,8.79,
O=C1C=CC(=NNc2ccccc2)C=C1,10.51,
Oc1cccc2cccnc12,6.57,
CCCCc1c(C)[nH]c(NCC)nc1=O,8.83,
CCCCc1c(C)[nH]c(N(C)C)nc1=O,8.81,
COCCN,3.81,
COc1ccccc1N,5.26,
COc1cccc(N)c1,6.07,
COc1ccc(N)cc1,6.22,
C1COCCN1,4.04,
CN1CCOCC1,3.77,
CCCN(CC)CC1COC2(CCC(C(C)(C)C)CC2)O1,8.7,
CC(Cc1ccc(C(C)(C)C)cc1)CN1C[C@H](C)O[C@H](C)C1,8.69,
c1coc(-c2nc3ccccc3[nH]2)c1,11.07,
CCc1nccnc1OC,4.92,
CC(C)(C)c1ccc(CCOc2ncnc3ccccc23)cc1,10.29,
c1cnoc1,2.9,
CCNc1nc(NCC)nc(OC)n1,9.35,
CCNc1nc(NC(C)C)nc(OC)n1,9.87,
CCNc1nc(NC(C)CC)nc(OC)n1,8.99,
COc1nc(NC(C)C)nc(NC(C)C)n1,9.71,
CCNc1nc(NC(C)(C)C)nc(OC)n1,9.35,
Nc1ccc2c(c1)C(=O)c1ccccc1C2=O,11.49,
Nc1cccc2c1C(=O)c1ccccc1C2=O,10.28,
Nc1ccc(N)c2c1C(=O)c1ccccc1C2=O,10.85,
O=Cc1cccnc1,5.26,
O=Cc1ccncc1,5.34,
CC(=O)c1cccnc1,6.22,
CC(=O)c1ccncc1,5.82,
Nc1ccccc1C(=O)O,8.16,
Nc1cccc(C(=O)O)c1,9.89,
Nc1ccc(C(=O)O)cc1,9.46,
COC(=O)[C@@H]1C2CCC(C[C@@H]1OC(=O)c1ccccc1)N2C,10.58,
COC(=O)CC#N,4.17,
Cc1nn(C)c(C(OC(=O)C(C)(C)C)=C(C#N)c2ccc(C(C)(C)C)cc2)c1C,12.24,
CC(=O)Oc1ccc2c3c1O[C@H]1[C@@H](OC(C)=O)C=C[C@H]4[C@@H](C2)N(C)CC[C@]314,11.79,
CC1(C)C(C(=O)OC(C#N)c2cccc(Oc3ccccc3)c2)C1(C)C,9.37,
CC(C)(C)[C@@H](O)[C@H](Oc1ccc(-c2ccccc2)cc1)n1cncn1,14.23,
CC(C)(C)[C@@H](O)[C@@H](Oc1ccc(-c2ccccc2)cc1)n1cncn1,12.93,
COc1ccc(C(O)(c2cncnc2)C2CC2)cc1,11.35,
Cc1cc(=O)[nH]o1,7.11,
CO/C=C(/C(=O)OC)c1ccccc1Oc1cc(Oc2ccccc2C#N)ncn1,13.13,
CN(CCCl)CCCl,4.29,
Nc1ccccc1F,4.66,
Nc1ccc(F)cc1,4.77,
Nc1cccc(C(F)(F)F)c1,5.19,
Nc1ccccc1Cl,5.39,
Nc1cccc(Cl)c1,6.01,
Nc1ccc(Cl)cc1,6.02,
Cc1ccc(N)cc1Cl,6.42,
Nc1ccc(Cl)c(Cl)c1,7.05,
N#CCCl,3.19,
N#CC(Cl)(Cl)Cl,2.34,
N#Cc1c(Cl)cccc1Cl,5.71,
N#Cc1c(Cl)c(Cl)c(Cl)c(C#N)c1Cl,8.11,
Cc1cc(Cl)ccc1N=CN(C)C,7.22,
Cn1c(Br)c(Br)c(Br)c1-c1c(Br)c(Br)c(Br)n1C,11.56,
CCCC(Cn1cncn1)c1ccc(Cl)cc1Cl,9.81,
Clc1cccnc1,4.17,
Clc1ccccn1,4.37,
Clc1cc(Cl)c(Cl)nc1Cl,5.41,
Clc1cccc(C(Cl)(Cl)Cl)n1,6.21,
Brc1cccnc1,4.81,
Clc1cc(Cl)nc(-c2ccccc2)n1,7.32,
Clc1ccccc1-c1nnc(-c2ccccc2Cl)nn1,10.77,
Clc1nc(Cl)nc(Nc2ccccc2Cl)n1,8.41,
CCNc1nc(Cl)nc(NCC)n1,8.81,
CCNc1nc(Cl)nc(NC(C)C)n1,9.08,
CCNc1nc(Cl)nc(NC(C)CC)n1,8.74,
CC(C)Nc1nc(Cl)nc(NC(C)C)n1,9.02,
CCNc1nc(Cl)nc(NC(C)(C)C)n1,8.92,
CC(C)Nc1nc(Cl)nc(NC2CC2)n1,10.12,
CCNc1nc(Cl)nc(NC(C)(C)C#N)n1,9.93,
Cc1ccc2c(c1)[C@H](Nc1nc(N)nc([C@@H](C)F)n1)[C@@H](C)C2,11.18,
Cc1ccc2c(c1)[C@H](Nc1nc(N)nc([C@H](C)F)n1)[C@@H](C)C2,11.63,
N#Cc1c[nH]cc1-c1cccc(Cl)c1Cl,10.37,
CCCCC(C#N)(Cn1cncn1)c1ccc(Cl)cc1,9.51,
N#CC(CCc1ccc(Cl)cc1)(Cn1cncn1)c1ccccc1,10.91,
N#Cc1cc(Br)c(O)c(Br)c1,8.99,
N#Cc1cc(I)c(O)c(I)c1,11.31,
CC(C)(C)[C@@H](O)C(Cc1ccc(Cl)cc1)n1cncn1.CC(C)(C)[C@H](O)C(Cc1ccc(Cl)cc1)n1cncn1,10.85,
CC(C)(C)C(O)C(Cc1ccc(Cl)cc1Cl)n1cncn1,11,
CC(C)(C)C(O)(CCc1ccc(Cl)cc1)Cn1cncn1,11.41,
CCCCC(O)(Cn1cncn1)c1ccc(Cl)cc1Cl,10.79,
CC(C1CC1)C(O)(Cn1cncn1)c1ccc(Cl)cc1,10.32,
CC1(C)CCC(Cc2ccc(Cl)cc2)C1(O)Cn1cncn1,10.57,
CC(C)C1CCC(Cc2ccc(Cl)cc2)C1(O)Cn1cncn1,11.06,
OC(Cn1cncn1)(c1ccc(F)cc1)c1ccccc1F,10.59,
OC(c1ccc(F)cc1)(c1cncnc1)c1ccccc1Cl,9.94,
C=CCOC(Cn1ccnc1)c1ccc(Cl)cc1Cl,10.38,
FC(F)C(F)(F)OCC(Cn1cncn1)c1ccc(Cl)cc1Cl,9.97,
Clc1ccc([C@@]2(Cn3cncn3)C[C@@H](Br)CO2)c(Cl)c1,11.61,
Clc1ccc([C@@]2(Cn3cncn3)C[C@H](Br)CO2)c(Cl)c1,11.07,
Clc1ccc(C2(Cn3cncn3)OCCO2)c(Cl)c1,10.15,
CCC1COC(Cn2cncn2)(c2ccc(Cl)cc2Cl)O1,10.15,
CCC[C@H]1CO[C@](Cn2cncn2)(c2ccc(Cl)cc2Cl)O1,10.87,
CCC[C@@H]1CO[C@](Cn2cncn2)(c2ccc(Cl)cc2Cl)O1,10.75,
CC1COC(Cn2cncn2)(c2ccc(Oc3ccc(Cl)cc3)cc2Cl)O1,13.05,
Fc1ccc(Oc2ccnc3cc(Cl)cc(Cl)c23)cc1,9.37,
FC(F)(F)c1ccc(OCCCOc2c(Cl)cc(OCC=C(Cl)Cl)cc2Cl)nc1,12.64,
CCC(Nc1ncnc(C)c1Cl)c1ccc(OC(F)F)cc1,9.95,
CCOCCc1ccc(OCCNc2ncnc(CC)c2Cl)c(C)c1C,12.4,
CCCOCC(=Nc1ccc(Cl)cc1C(F)(F)F)n1ccnc1,10.9,
N#Cc1c[nH]cc1-c1cccc2c1OC(F)(F)O2,11.61,
NC1=C(Cl)C(=O)c2ccccc2C1=O,9.39,
Cn1cc(-c2ccccc2)c(=O)c(-c2cccc(C(F)(F)F)c2)c1,9.81,
CCCC(=O)Oc1c(Br)cc(C#N)cc1Br,8.62,
CCCCCCC(=O)Oc1c(Br)cc(C#N)cc1Br,9.3,
CCCCCCCC(=O)Oc1c(Br)cc(C#N)cc1Br,10.26,
CC(C)OC(=O)c1cc(-c2nn(C)c(C(F)(F)F)c2Br)c(F)cc1Cl,9.67,
CCOC(=O)Cc1[nH]nc2ccc(Cl)cc12,9.85,
O=C(O)c1nc(Cl)ccc1Cl,9.14,
Nc1c(Cl)c(Cl)nc(C(=O)O)c1Cl,11.5,
Nc1nc(C2CC2)nc(C(=O)O)c1Cl,8.91,
CNC1=C(c2cccc(C(F)(F)F)c2)C(=O)C(c2ccccc2)O1,14.44,
CC1(C)[C@@H](C(Br)C(Br)(Br)Br)[C@H]1C(=O)O[C@H](C#N)c1cccc(Oc2ccccc2)c1,12.71,
CC1(C)[C@@H](C=C(Cl)Cl)[C@H]1C(=O)OC(C#N)c1cccc(Oc2ccccc2)c1,10.51,
CC1(C)C(C=C(Cl)Cl)C1C(=O)OC(C#N)c1cccc(Oc2ccccc2)c1,11.37,
CC1(C)[C@@H](/C=C(\Cl)C(F)(F)F)[C@H]1C(=O)O[C@H](C#N)c1cccc(Oc2ccccc2)c1,9.25,
CC1(C)[C@@H](/C=C(\Cl)C(F)(F)F)[C@H]1C(=O)OC(C#N)c1cccc(Oc2ccccc2)c1,12.11,
CC1(C)[C@@H](C=C(Cl)Cl)[C@H]1C(=O)O[C@@H](C#N)c1ccc(F)c(Oc2ccccc2)c1,9.95,
CC1(C)[C@H](C=C(Cl)Cl)[C@H]1C(=O)O[C@H](C#N)c1ccc(F)c(Oc2ccccc2)c1,11.45,
CC1(C)[C@H](C=C(Cl)Cl)[C@@H]1C(=O)O[C@@H](C#N)c1ccc(F)c(Oc2ccccc2)c1,11.69,
CC1(C)[C@@H](C(=O)O[C@@H](C#N)c2ccc(F)c(Oc3ccccc3)c2)[C@@H]1C=C(Cl)Cl,11,
CC(C)C(C(=O)OC(C#N)c1cccc(Oc2ccccc2)c1)c1ccc(Cl)cc1,12.98,
CC(C)[C@@H](C(=O)O[C@@H](C#N)c1cccc(Oc2ccccc2)c1)c1ccc(Cl)cc1,11.18,
CCCCOC(=O)[C@@H](C)Oc1ccc(Oc2ccc(C#N)cc2F)cc1,9.23,
CC(C)C(C(=O)OC(C#N)c1cccc(Oc2ccccc2)c1)c1ccc(OC(F)F)cc1,12.09,
CC1(C)[C@@H](/C=C\C(=O)OC(C(F)(F)F)C(F)(F)F)[C@H]1C(=O)O[C@H](C#N)c1cccc(Oc2ccccc2)c1,10.61,
CC(C)(C)[C@@H](O)[C@H](Oc1ccc(Cl)cc1)n1cncn1,11.13,
CC(C)(C)[C@H](O)[C@H](Oc1ccc(Cl)cc1)n1cncn1,11.08,
CC(C)(C)C(=O)C(Oc1ccc(Cl)cc1)n1cncn1,10.98,
CC(C)C(O)(c1ccc(OC(F)(F)F)cc1)c1cncnc1,10.41,
O=C(O)COc1nc(Cl)c(Cl)cc1Cl,9.48,
CC(Oc1ccc(Oc2ccc(C(F)(F)F)cn2)cc1)C(=O)O,13.76,
CCCCCC(C)OC(=O)COc1ccc(Cl)c2cccnc12,10.93,
CCCCOC(=O)C(C)Oc1ccc(Oc2ccc(C(F)(F)F)cn2)cc1,10.03,
CCCCOC(=O)[C@@H](C)Oc1ccc(Oc2ccc(C(F)(F)F)cn2)cc1,10.3,
COC(=O)[C@@H](C)Oc1ccc(Oc2ncc(C(F)(F)F)cc2Cl)cc1,9.29,
CO/C=C(\C(=O)OC)c1ccccc1COc1cccc(C(F)(F)F)n1,10.05,
C#CCOC(=O)[C@@H](C)Oc1ccc(Oc2ncc(Cl)cc2F)cc1,10.69,
CCOCCOC(=O)C(C)Oc1ccc(Oc2ncc(C(F)(F)F)cc2Cl)cc1,12.14,
CCOC(=O)C(C)Oc1ccc(Oc2cnc3cc(Cl)ccc3n2)cc1,10.72,
CCOC(=O)[C@@H](C)Oc1ccc(Oc2cnc3cc(Cl)ccc3n2)cc1,11.23,
CO/C=C(/C(=O)OC)c1ccccc1COc1cc(C(F)(F)F)nc(OC(C)C)n1,10.15,
CCOC(=O)C(C)Oc1ccc(Oc2nc3ccc(Cl)cc3o2)cc1,10.7,
Nc1c(Cl)c(F)nc(OCC(=O)O)c1Cl,12.16,
CCCCCCC(C)OC(=O)COc1nc(F)c(Cl)c(N)c1Cl,9.77,
CCCCOCC(C)OC(=O)COc1nc(F)c(Cl)c(N)c1Cl,10.81,
CC(C)[C@@H](Nc1ccc(C(F)(F)F)cc1Cl)C(=O)OC(C#N)c1cccc(Oc2ccccc2)c1,11.43,
CNC=O,5.17,
CC(N)=O,5.38,
CCC(N)=O,5.85,
CN(C)C=O,4.38,
CNC(C)=O,5.4,
CCCC(N)=O,6.39,
CC(=O)N(C)C,5.33,
CN1CCCC1=O,6.13,
O=C1CCCCCN1,7.08,
C=C(C)C(N)=O,6.74,
CCCCC(CC)CN1C(=O)C2C3C=CC(C3)C2C1=O,8.36,
NC(=O)c1ccccc1,8.31,
O=C1CCc2cccc3c2N1CC3,8.42,
Cc1ccc(NC(=O)NC(C)(C)c2ccccc2)cc1,10,
CN(C)C(=O)Nc1ccccc1,7.85,
CC(C)c1ccc(NC(=O)N(C)C)cc1,10.18,
CC1CCCCC1NC(=O)Nc1ccccc1,12.13,
CNC(=O)Oc1cccc(C)c1,6.71,
CNC(=O)Oc1ccc(C)c(C)c1,7.29,
CNC(=O)Oc1cc(C)cc(C)c1,8.06,
CC(C)OC(=O)Nc1ccccc1,7.33,
CNC(=O)Oc1ccccc1C(C)C,8.02,
CNC(=O)Oc1cc(C)cc(C(C)C)c1,8.4,
CCC(C)c1ccccc1OC(=O)NC,8.19,
CNC(=O)Oc1cccc2ccccc12,9.55,
CCOC(=O)Nc1cccc(OC(=O)Nc2ccccc2)c1,12.86,
COC(=O)Nc1cccc(OC(=O)Nc2cccc(C)c2)c1,13.4,
O=c1[nH]c2c(c(=O)n1C1CCCCC1)CCC2,12.21,
CC(C)c1nn(C(=O)NC(C)(C)C)c(=O)n1N,11.04,
CCCOC(=O)NCCC[NH+](C)C.[Cl-],8.07,
CN(C)c1nc(=O)n(C2CCCCC2)c(=O)n1C,11.07,
Cc1nnc(-c2ccccc2)c(=O)n1N,10.85,
CNC(=O)Oc1ccc(N(C)C)c(C)c1,8.52,
Cc1nc(N(C)C)nc(OC(=O)N(C)C)c1C,8.9,
COC(=O)Nc1nc2ccccc2[nH]1,9.83,
CCCCNC(=O)n1c(NC(=O)OC)nc2ccccc21,11.48,
Cc1ccc([C@H](C)NC(=O)C(NC(=O)OC(C)C)C(C)C)cc1,11.69,
CN(C)C(=O)Nc1cccc(OC(=O)NC(C)(C)C)c1,12.88,
CCOc1ccc(NC(C)=O)cc1,9.59,
CCN(CC)C(=O)C(C)Oc1cccc2ccccc12,10.62,
CCN(CC)C(=O)[C@@H](C)Oc1cccc2ccccc12,11.01,
COc1ccc(Oc2ccc(NC(=O)N(C)C)cc2)cc1,12.95,
CNC(=O)Oc1ccccc1OC(C)C,8.32,
CCOc1ccc(NC(=O)OC(C)C)cc1OCC,10.1,
CCOC(=O)NCCOc1ccc(Oc2ccccc2)cc1,11.93,
CNC(=O)Oc1cccc2c1OC(C)(C)C2,9.24,
CNC(=O)Oc1ccccc1C1OCCO1,9.52,
CNC(=O)Oc1cccc2c1OC(C)(C)O2,7.14,
CN(C)C(=O)Nc1cc(C(C)(C)C)on1,9.51,
CCC(C)(CC)c1cc(NC(=O)c2c(OC)cccc2OC)on1,10.64,
CC(C)=C[C@@H]1[C@@H](C(=O)OCN2C(=O)C3=C(CCCC3)C2=O)C1(C)C,12.14,
CN(C)NC(=O)CCC(=O)O,9.83,
C#CCN1CC(=O)N(COC(=O)C2C(C=C(C)C)C2(C)C)C1=O,11.24,
COC(=O)c1cc(C)ccc1C1=NC(C)(C(C)C)C(=O)N1,11.27,
COC(=O)c1ccc(C)cc1C1=NC(C)(C(C)C)C(=O)N1,10.78,
CC(C)C1(C)N=C(c2nc3ccccc3cc2C(=O)O)NC1=O,15.88,
COCC(=O)N(c1c(C)cccc1C)C(C)C(=O)OC,9.28,
COCC(=O)N(c1c(C)cccc1C)[C@H](C)C(=O)OC,9.27,
COC(=O)C(C)N(C(=O)c1ccco1)c1c(C)cccc1C,9.66,
CCc1cc(C)cc(CC)c1-c1c(OC(=O)C(C)(C)C)n2n(c1=O)CCOCC2,12.34,
C=CCCCOC(=O)C(CC)N(Cc1ccco1)C(=O)n1ccnc1,9.46,
COCc1cnc(C2=NC(C)(C(C)C)C(=O)N2)c(C(=O)O)c1,14.38,
O=c1ccc(=O)[nH][nH]1,9.01,
COCC(=O)N(c1c(C)cccc1C)N1CCOC1=O,10.12,
COc1ccc(-c2ccccc2)cc1NNC(=O)OC(C)C,10.88,
C=CCN(CC=C)C(=O)C(Cl)Cl,6.56,
CCC(=O)Nc1ccc(Cl)c(Cl)c1,10.38,
CC(C)N(C(=O)CCl)c1ccccc1,7.36,
CCCC(C)(C)C(=O)Nc1ccc(Cl)cc1,9.71,
CC(C)(NC(=O)C(Br)C(C)(C)C)c1ccccc1,9.01,
O=C1C(Cl)C(CCl)CN1c1cccc(C(F)(F)F)c1,9.01,
CCC1(C(=O)NC(C)c2ccc(Cl)cc2)C(C)C1(Cl)Cl,10.44,
C#CC(C)(C)NC(=O)c1cc(Cl)cc(Cl)c1,9.66,
O=C(Nc1ccccc1)c1ccccc1I,9.57,
CC12CC1(C)C(=O)N(c1cc(Cl)cc(Cl)c1)C2=O,8.98,
O=C1C(Cl)=C(Cl)C(=O)N1c1ccc(F)cc1,5.49,
O=C1C2=C(CCCC2)C(=O)N1c1ccc(Cl)cc1,9.26,
CN(C)C(=O)Nc1cccc(C(F)(F)F)c1,9.12,
CN(C)C(=O)Nc1ccc(Cl)cc1,9.01,
Cc1ccc(NC(=O)N(C)C)cc1Cl,9.92,
CN(C)C(=O)Nc1ccc(Cl)c(Cl)c1,10.14,
C#CC(C)N(C)C(=O)Nc1ccc(Cl)cc1,10.27,
CC(C)(NC(=O)NCc1ccccc1Cl)c1ccccc1,13.22,
O=C(Nc1ccccc1)N(Cc1ccc(Cl)cc1)C1CCCC1,13.91,
CC(C)OC(=O)Nc1cccc(Cl)c1,7.94,
CCC(C)n1c(=O)[nH]c(C)c(Br)c1=O,10.02,
Cc1[nH]c(=O)n(C(C)(C)C)c(=O)c1Cl,9.76,
Nc1cnn(-c2ccccc2)c(=O)c1Cl,12.85,
CNc1cnn(-c2cccc(C(F)(F)F)c2)c(=O)c1Cl,10.7,
N#CCNC(=O)c1cnccc1C(F)(F)F,10.26,
Cc1cccc(C)c1N(Cn1cccn1)C(=O)CCl,9.14,
Cc1nn(C)c(F)c1C(=O)Nc1ccccc1C(C)CC(C)C,10.97,
CC(C)[C@@H]1[C@@H]2CC[C@H]1c1cccc(NC(=O)c3cn(C)nc3C(F)F)c12,13.95,
CC(C)[C@@H]1[C@@H]2CC[C@H]1c1cccc(NC(=O)c3cn(C)nc3C(F)F)c12,13.98,
Cn1cc(C(=O)Nc2ccccc2-c2cc(F)c(F)c(F)c2)c(C(F)F)n1,12.22,
Cn1cc(C(=O)Nc2ccc(F)cc2-c2ccc(Cl)c(Cl)c2)c(C(F)F)n1,10.54,
O=c1c2cc(F)ccc2nc(-n2cncn2)n1-c1ccc(Cl)cc1Cl,11.58,
O=C(NCc1ncc(C(F)(F)F)cc1Cl)c1c(Cl)cccc1Cl,10.12,
O=C(Nc1ccccc1)Nc1ccnc(Cl)c1,12.85,
CCN(C(=O)n1nnn(-c2ccccc2Cl)c1=O)C1CCCCC1,11.48,
O=C(NC(=O)c1c(F)cccc1F)Nc1ccc(Cl)cc1,11.01,
O=C(NC(=O)c1c(F)cccc1F)Nc1cc(Cl)c(F)c(Cl)c1F,11.14,
O=C(NCCc1ncc(C(F)(F)F)cc1Cl)c1ccccc1C(F)(F)F,10.99,
CC1(C(=O)Nc2ccc(O)c(Cl)c2Cl)CCCCC1,11.77,
COCCN(C(=O)CCl)c1c(C)cccc1C,8.94,
CCc1cccc(CC)c1N(COC)C(=O)CCl,9.31,
CCOCN(C(=O)CCl)c1c(C)cccc1CC,8.62,
CCCCOCN(C(=O)CCl)c1c(CC)cccc1CC,10.12,
CCCOCCN(C(=O)CCl)c1c(CC)cccc1CC,9.93,
CCc1cccc(C)c1N(C(=O)CCl)C(C)COC,9.37,
CCc1cccc(C)c1N(C(=O)CCl)[C@@H](C)COC,8.78,
CCc1cccc(C)c1N(COC(C)C)C(=O)CCl,8.53,
C/C=C\COCN(C(=O)CCl)c1c(CC)cccc1CC,8.79,
CCOCCN(C(=O)CCl)C(=C(C)C)c1ccccc1,8.91,
CC(C)Oc1cccc(NC(=O)c2ccccc2C(F)(F)F)c1,11.28,
CCC(Oc1ccc(F)c(C(F)(F)F)c1)C(=O)NCc1ccccc1,11.49,
CC1COc2ccccc2N1C(=O)C(Cl)Cl,7.85,
CC1(C)OC(c2ccco2)CN1C(=O)C(Cl)Cl,8.17,
COc1ccc(NC(=O)N(C)C)cc1Cl,10.35,
CN(C)C(=O)Nc1ccc(Oc2ccc(Cl)cc2)cc1,11.49,
CC(C)Oc1cc(-n2nc(C(C)(C)C)oc2=O)c(Cl)cc1Cl,9.42,
C#CCOc1cc(-n2nc(C(C)(C)C)oc2=O)c(Cl)cc1Cl,9.86,
CCCOc1nc2ccc(I)cc2c(=O)n1CCC,10.43,
CC(Oc1ccc(Cl)cc1Cl)C(=O)NC(C)(C#N)C(C)C,13.32,
CCCN(CCOc1c(Cl)cc(Cl)cc1Cl)C(=O)n1ccnc1,10.16,
Cc1nn(C)c(Cl)c1C(=O)Nc1cccc2c1C(C)OC2(C)C,12.18,
CCOc1cc(C(C)(C)C)ccc1C1COC(c2c(F)cccc2F)=N1,11.53,
O=C(NC(=O)c1ccccc1Cl)Nc1ccc(OC(F)(F)F)cc1,11.31,
O=C(NC(=O)c1c(F)cccc1F)Nc1cc(Cl)c(OC(F)(F)C(F)F)c(Cl)c1,13.09,
O=C(NC(=O)c1c(F)cccc1F)Nc1ccc(Oc2ccc(C(F)(F)F)cc2Cl)cc1F,14.74,
CCOC(=O)CN(C(=O)CCl)c1c(CC)cccc1CC,9.74,
Cc1cccc(C)c1N(C(=O)CCl)C1CCOC1=O,8.57,
COC(=O)[C@@H](C)N(C(=O)c1ccccc1)c1ccc(F)c(Cl)c1,9.54,
CC(C)OC(=O)[C@@H](C)N(C(=O)c1ccccc1)c1ccc(F)c(Cl)c1,9.71,
CCOC(=O)C(Cl)Cc1cc(-n2nc(C)n(C(F)F)c2=O)c(F)cc1Cl,10.09,
COC(=O)CC(NC(=O)[C@@H](NC(=O)OC(C)C)C(C)C)c1ccc(Cl)cc1,11.63,
CCN(OC(=O)c1ccccc1)C(=O)c1c(OC)ccc(Cl)c1OC,9.27,
COC(=O)N(C(=O)N1CO[C@@]2(C(=O)OC)Cc3cc(Cl)ccc3C2=N1)c1ccc(OC(F)(F)F)cc1,14.14,
C=CC1(C)OC(=O)N(c2cc(Cl)cc(Cl)c2)C1=O,8.69,
CC1(C)CON(Cc2ccccc2Cl)C1=O,8.13,
CC(C)NC(=O)N1CC(=O)N(c2cc(Cl)cc(Cl)c2)C1=O,10.76,
COC(=O)N(C1=CC=CC=C1COC2=NN(C=C2)C3=CC=C(C=C3)Cl)OC,11.83,
CCOC(=O)C1(C)OC(=O)N(c2cc(Cl)cc(Cl)c2)C1=O,9.04,
C/C=N/O,2.92,
CC/C(C)=N/O,3.74,
CN(C)N=O,3.72,
CCN(C)N=O,3.85,
CCN(CC)N=O,4.04,
CCCCN(C)N=O,4.3,
CCCN(CCC)N=O,5.57,
CCCCN(CC)N=O,5.46,
CCCCN(CCCC)N=O,5.81,
CC(C)N(N=O)C(C)C,5.36,
O=NN1CCCC1,5.64,
O=NN1CCCCC1,5.19,
O=NN1CCCCCC1,6.16,
CN(Cc1ccccc1)N=O,5.15,
C[N+](=O)[O-],2.52,
CC[N+](=O)[O-],2.88,
CCC[N+](=O)[O-],3.25,
CCCC[N+](=O)[O-],3.67,
CCCCC[N+](=O)[O-],4.03,
CC(C)[N+](=O)[O-],3.01,
O=[N+]([O-])CCCC[N+](=O)[O-],4.61,
O=[N+]([O-])c1ccccc1,4.58,
Cc1ccccc1[N+](=O)[O-],4.87,
Cc1cccc([N+](=O)[O-])c1,5.19,
Cc1ccc([N+](=O)[O-])cc1,4.88,
O=[N+]([O-])c1cccc2ccccc12,7.24,
O=[N+]([O-])c1cccc([N+](=O)[O-])c1,6.28,
O=[N+]([O-])c1ccc([N+](=O)[O-])cc1,6.28,
Cc1ccc([N+](=O)[O-])cc1[N+](=O)[O-],6.96,
Cc1cc([N+](=O)[O-])ccc1[N+](=O)[O-],6.53,
Cc1c([N+](=O)[O-])cccc1[N+](=O)[O-],6.99,
Cc1c(C)c([N+](=O)[O-])c(C(C)(C)C)c([N+](=O)[O-])c1C,8.3,
Cc1c([N+](=O)[O-])cc2c(c1[N+](=O)[O-])C(C)(C)CC2(C)C,8.31,
O=[N+]([O-])c1cc([N+](=O)[O-])cc([N+](=O)[O-])c1,7.83,
Cc1c([N+](=O)[O-])cc([N+](=O)[O-])cc1[N+](=O)[O-],7.53,
Cc1c([N+](=O)[O-])c(C)c([N+](=O)[O-])c(C(C)(C)C)c1[N+](=O)[O-],8.24,
O=[N+]([O-])N1CN([N+](=O)[O-])CN([N+](=O)[O-])C1,9.44,
O=[N+]([O-])N1CN([N+](=O)[O-])CN([N+](=O)[O-])CN([N+](=O)[O-])C1,12.55,
CCCCO[N+](=O)[O-],3.34,
CCCCCO[N+](=O)[O-],3.03,
CC(C)CCO[N+](=O)[O-],3.9,
O=[N+]([O-])OCCO[N+](=O)[O-],4.55,
O=[N+]([O-])OCCCO[N+](=O)[O-],5.08,
O=[N+]([O-])OCCCCO[N+](=O)[O-],5.66,
O=[N+]([O-])OCCCCCO[N+](=O)[O-],6.02,
O=[N+]([O-])OCCCCCCCCCCO[N+](=O)[O-],8.75,
CC(CO[N+](=O)[O-])O[N+](=O)[O-],4.64,
CCC(CO[N+](=O)[O-])O[N+](=O)[O-],5.01,
CC(CCO[N+](=O)[O-])O[N+](=O)[O-],5.21,
CC(O[N+](=O)[O-])C(C)O[N+](=O)[O-],4.78,
CC(CC(C)O[N+](=O)[O-])O[N+](=O)[O-],5.8,
CCCCC(CO[N+](=O)[O-])O[N+](=O)[O-],5.88,
O=[N+]([O-])OCC(CO[N+](=O)[O-])O[N+](=O)[O-],6.87,
Nc1ccccc1[N+](=O)[O-],6.46,
Nc1cccc([N+](=O)[O-])c1,7.62,
Nc1ccc([N+](=O)[O-])cc1,8.41,
CCC(CC)Nc1c([N+](=O)[O-])cc(C)c(C)c1[N+](=O)[O-],8.66,
CCC(C)Nc1c([N+](=O)[O-])cc(C(C)(C)C)cc1[N+](=O)[O-],8.18,
CNC(=O)/C(=N/OC)c1ccccc1CO/N=C(C)/C(=N/OC)C(/C)=N/OC,10.92,
CCNC(=O)NC(=O)/C(C#N)=N/OC,7.75,
O=[N+]([O-])c1ccccc1O,5.05,
O=[N+]([O-])c1cccc(O)c1,8.81,
O=[N+]([O-])c1ccc(O)cc1,9.23,
Cc1ccc(O)c([N+](=O)[O-])c1,5.34,
Cc1ccc([N+](=O)[O-])c(O)c1,5.35,
Cc1cc(O)ccc1[N+](=O)[O-],8.29,
Cc1cccc(O)c1[N+](=O)[O-],5.98,
CCC(C)c1ccc(O)c([N+](=O)[O-])c1,6.15,
O=[N+]([O-])c1ccc(O)c([N+](=O)[O-])c1,6.98,
O=[N+]([O-])c1ccc([N+](=O)[O-])c(O)c1,7.06,
Cc1cc([N+](=O)[O-])cc([N+](=O)[O-])c1O,6.89,
Cc1cc([N+](=O)[O-])c(O)c([N+](=O)[O-])c1,7.87,
CCC(C)c1cc([N+](=O)[O-])cc([N+](=O)[O-])c1O,8.05,
O=[N+]([O-])c1cc([N+](=O)[O-])c(O)c([N+](=O)[O-])c1,9.99,
O=[N+]([O-])OCCCCO,6.91,
CC(O)CO[N+](=O)[O-],5.62,
CCC(O)CO[N+](=O)[O-],5.83,
CCN(CCO)c1ccc(N=Nc2ccc([N+](=O)[O-])cc2)cc1,14.66,
O=NN1CCOCC1,5.56,
CC1CN(N=O)CC(C)O1,5.05,
COc1ccccc1[N+](=O)[O-],5.4,
COc1ccc([N+](=O)[O-])cc1,6,
COc1c(C(C)(C)C)cc([N+](=O)[O-])c(C)c1[N+](=O)[O-],8.11,
O=[N+]([O-])OCCOCCO[N+](=O)[O-],5.59,
N#C/C(=N\OCC1OCCO1)c1ccccc1,7.94,
CNC(=O)/C(=N\OC)c1ccccc1Oc1ccccc1,9.85,
CNC(=O)/C(=N\OC)c1ccccc1COc1cc(C)ccc1C,12.65,
CC(=O)c1c(C)c([N+](=O)[O-])c(C(C)(C)C)c([N+](=O)[O-])c1C,8.77,
C/C=C/C(=O)Oc1c(CCCCCCCC)cc([N+](=O)[O-])cc1[N+](=O)[O-],12.17,
COc1ccc(O)c([N+](=O)[O-])c1,5.85,
O=Cc1ccc(O)c([N+](=O)[O-])c1,5.53,
CO/N=C(/C(=O)OC)c1ccccc1COc1ccccc1C,9.84,
CCON=C(CC)C1=C(O)CC(c2c(C)cc(C)cc2C)CC1=O,11.89,
Cc1nn(C)c(Oc2ccccc2)c1/C=N/OCc1ccc(C(=O)OC(C)(C)C)cc1,9.32,
CO/N=C(/C)c1cccc(Oc2nc(OC)cc(OC)n2)c1C(=O)OC,9.53,
CO/N=C(\C)c1cccc(Oc2nc(OC)cc(OC)n2)c1C(=O)OC,8.58,
CC(=O)OO[N+](=O)[O-],2.92,
NC(N)=N[N+](=O)[O-],11.93,
CC(Cl)[N+](=O)[O-],2.74,
O=[N+]([O-])C(Cl)(Cl)Cl,3.15,
O=[N+]([O-])c1ccccc1Cl,5.2,
O=[N+]([O-])c1cccc(Cl)c1,5.64,
O=[N+]([O-])c1ccc(Cl)cc1,5.24,
O=[N+]([O-])c1cccc(Cl)c1Cl,6.55,
O=[N+]([O-])c1cc(Cl)ccc1Cl,6.27,
O=[N+]([O-])c1ccc(Cl)c(Cl)c1,6.53,
O=[N+]([O-])c1ccc(Cl)cc1Cl,6.15,
O=[N+]([O-])c1c(Cl)c(Cl)c(Cl)c(Cl)c1Cl,8.48,
O=[N+]([O-])c1cccc(Br)c1,6.65,
O=[N+]([O-])c1ccc(Cl)c([N+](=O)[O-])c1,7.02,
Nc1ccc([N+](=O)[O-])cc1Cl,7.82,
Nc1c(Cl)cc([N+](=O)[O-])cc1Cl,8.1,
O=[N+]([O-])c1cc(C(F)(F)F)c(Cl)c([N+](=O)[O-])c1Nc1ncc(C(F)(F)F)cc1Cl,6.94,
CCCN(CCC)c1c([N+](=O)[O-])cc(C(F)(F)F)cc1[N+](=O)[O-],7.93,
CCCCN(CC)c1c([N+](=O)[O-])cc(C(F)(F)F)cc1[N+](=O)[O-],7.5,
CCCN(CCCl)c1c([N+](=O)[O-])cc(C(F)(F)F)cc1[N+](=O)[O-],7.63,
CCCN(CC1CC1)c1c([N+](=O)[O-])cc(C(F)(F)F)cc1[N+](=O)[O-],7.72,
C=C(C)CN(CC)c1c([N+](=O)[O-])cc(C(F)(F)F)cc1[N+](=O)[O-],7.53,
CCN(Cc1c(F)cccc1Cl)c1c([N+](=O)[O-])cc(C(F)(F)F)cc1[N+](=O)[O-],8.37,
CCN(CC)c1c([N+](=O)[O-])cc(C(F)(F)F)c(N)c1[N+](=O)[O-],8.52,
CCCN(CCC)c1c([N+](=O)[O-])cc(C(F)(F)F)c(N)c1[N+](=O)[O-],7.59,
CO/N=C(/Cc1cccnc1)c1ccc(Cl)cc1Cl,9.33,
CON(C)C(=O)Nc1ccc(Cl)cc1,8.62,
CON(C)C(=O)Nc1ccc(Cl)c(Cl)c1,9.92,
CON(C)C(=O)Nc1ccc(Br)cc1,9.34,
CON(C)C(=O)Nc1ccc(Br)c(Cl)c1,9.64,
O=[N+]([O-])C(Br)(CO)CO,7.54,
O=[N+]([O-])c1ccc(F)cc1O,4.77,
O=[N+]([O-])c1cc(Cl)ccc1O,5.67,
Cc1cc(O)c([N+](=O)[O-])cc1Cl,5.58,
O=C1C(Br)=CC(=CNOc2ccc([N+](=O)[O-])cc2[N+](=O)[O-])C=C1Br,13.26,
O=[N+]([O-])c1ccc(Oc2ccc(Cl)cc2Cl)cc1,8.57,
CCOc1cc(Oc2ccc(C(F)(F)F)cc2Cl)ccc1[N+](=O)[O-],9.21,
O=[N+]([O-])c1ccc(Oc2ccc(C(F)(F)F)cc2[N+](=O)[O-])cc1,9.64,
Nc1c([N+](=O)[O-])ccc(Oc2ccccc2)c1Cl,9.96,
FC(F)(F)/C(=N/OCC1OCCO1)c1ccc(Cl)cc1,7.4,
CO/N=C(\C(=O)OC)c1ccccc1CO/N=C(\C)c1cccc(C(F)(F)F)c1,10.46,
COC(=O)c1cc(Oc2ccc(Cl)cc2Cl)ccc1[N+](=O)[O-],11.7,
CCOC(=O)C(C)OC(=O)c1cc(Oc2ccc(C(F)(F)F)cc2Cl)ccc1[N+](=O)[O-],10.58,
CC/C(=N\OC/C=C/Cl)C1=C(O)CC(C2CCOCC2)CC1=O,10.28,
CC(C)=NOCCOC(=O)C(C)Oc1ccc(Oc2cnc3cc(Cl)ccc3n2)cc1,14.29,
O=[N+]([O-])NC1=NCCN1Cc1ccc(Cl)nc1,12.94,
CO/N=C(/C1=NOCCO1)c1ccccc1Oc1ncnc(Oc2ccccc2Cl)c1F,12.91,
CCCS,2.58,
CCCCS,2.87,
CSC,2.59,
CCSC,2.61,
CCSCC,3.01,
CC(C)SC(C)C,3.73,
Sc1ccccc1,4.36,
CSc1ccccc1,4.71,
CSSC,3.01,
CCSSCC,4.02,
c1ccsc1,2.91,
Cc1cccs1,3.48,
Cc1ccsc1,3.01,
c1ccc2c(c1)sc1ccccc12,7.28,
Clc1ccc(Sc2cc(Cl)c(Cl)cc2Cl)cc1,10.09,
CC(C)OC(=O)C(C(=O)OC(C)C)=C1SCCS1,9.14,
CCSC(=O)COc1ccc(Cl)cc1C,6.82,
Oc1ccc(SC(F)(F)F)cc1,8.5,
CN=C=S,2.81,
S=C=Nc1ccccc1,4.24,
CN(C)C(=S)SSC(=S)N(C)C,8.47,
CN1CSC(=S)N(C)C1,8,
Cc1cccc2sc3nncn3c12,10.28,
CSC(=O)c1cccc2nnsc12,8.27,
CCNc1nc(NCC)nc(SC)n1,9.86,
CNc1nc(NC(C)C)nc(SC)n1,9.52,
CCNc1nc(NC(C)C)nc(SC)n1,9.52,
CSc1nc(NC(C)C)nc(NC(C)C)n1,9.84,
CCSc1nc(NC(C)C)nc(NC(C)C)n1,9.87,
CCNc1nc(NC(C)C(C)C)nc(SC)n1,10.17,
CCNc1nc(NC(C)(C)C)nc(SC)n1,9.9,
c1ccc2[nH]c(-c3cscn3)nc2c1,12.51,
CCCCSC(=Nc1cccnc1)SCc1ccc(C(C)(C)C)cc1,12.28,
COCCCNc1nc(NC(C)C)nc(SC)n1,10.63,
N#Cc1sc2c(=O)c3ccccc3c(=O)c=2sc1C#N,11.62,
COc1cc(OC)nc(Sc2cccc3c2C(=O)OC3C)n1,11.11,
CCCCCCCCn1sccc1=O,8.33,
Cc1ccc2nc3sc(=O)sc3nc2c1,8.9,
CS/C(C)=N/OC(=O)N(C)SN(C)C(=O)O/N=C(\C)SC,9.12,
CCCCN(CCCC)SN(C)C(=O)Oc1cccc2c1OC(C)(C)C2,10.17,
CCCCOC(=O)N(C)SN(C)C(=O)Oc1cccc2c1OC(C)(C)C2,11.86,
COc1cccc(N(C)C(=S)Oc2cccc(C(C)(C)C)c2)n1,10.25,
CCOC(=O)CCN(SN(C)C(=O)Oc1cccc2c1OC(C)(C)C2)C(C)C,10.29,
CN(C)CCCN1c2ccccc2Sc2ccc(Cl)cc21,13.32,
CSC(=O)c1c(C(F)F)nc(C(F)(F)F)c(C(=O)SC)c1CC(C)C,8.98,
Clc1ccc(CSC(Cn2cncn2)=Nc2ccc(Cl)cc2Cl)cc1,12.92,
N#CN=C1SCCN1Cc1ccc(Cl)nc1,13.15,
CCOc1nc(C(Cl)(Cl)Cl)ns1,8.2,
COC(=O)c1c(C(F)F)nc(C(F)(F)F)c(C2=NCCS2)c1CC(C)C,8.62,
CCCCCCCCSC(=O)Oc1cc(Cl)nnc1-c1ccccc1,10.25,
O=C1C2CC=CCC2C(=O)N1SC(Cl)(Cl)Cl,9.04,
O=C1C2CC=CCC2C(=O)N1SC(Cl)(Cl)C(Cl)Cl,10.44,
O=C1c2ccccc2C(=O)N1SC(Cl)(Cl)Cl,8.46,
O=C(O)Cn1c(=O)sc2cccc(Cl)c21,10.99,
CCOC(=O)Cn1c(=O)sc2cccc(Cl)c21,8.42,
Nc1cccc(S(F)(F)(F)(F)F)c1,7,
Nc1ccc(S(F)(F)(F)(F)F)cc1,7.01,
Cc1nc(C)c(C(=O)Nc2ccccc2)s1,10.08,
CNC(=O)Oc1cc(C)c(SC)c(C)c1,9.71,
CCSCc1ccccc1OC(=O)NC,9.12,
CNC(=O)N(C)c1nc2ccccc2s1,10.04,
CNC(=O)N(C)c1nnc(C(C)(C)C)s1,9.47,
CSc1nnc(C(C)(C)C)c(=O)n1N,9.15,
CCSc1nnc(C(C)(C)C)c(=O)n1N,8.32,
CSC1=N[C@@](C)(c2ccccc2)C(=O)N1Nc1ccccc1,10.87,
CCCN(CCC)C(=O)SCC,6.3,
CCCCN(CC)C(=O)SCCC,6.83,
CCCSC(=O)N(CCC)CCC,6.8,
CCSC(=O)N(CC(C)C)CC(C)C,6.64,
CCSC(=O)N1CCCCCC1,7.06,
CCSC(=O)N(CC)C1CCCCC1,7.36,
CCCN(CCC)C(=O)SCc1ccccc1,8.74,
CCN(C(=O)SCc1ccccc1)C(C)C(C)C,8.29,
CC(C)(SC(=O)N1CCCCC1)c1ccccc1,9.75,
CC(C)N1C(=O)N(c2ccccc2)CSC1=NC(C)(C)C,8.88,
CC1=C(C(=O)Nc2ccccc2)SCCO1,9.81,
CN(C(=O)COc1nc2ccccc2s1)c1ccccc1,10.29,
CN(C)C(=O)SCCCCOc1ccccc1,9.24,
CCOC(=O)CSc1nc(C(C)(C)C)nn1C(=O)N(C)C,10.75,
Cc1ccc(NC(=O)c2snnc2C)cc1Cl,11.58,
CNC(=O)N(C)c1nnc(C(F)(F)F)s1,9.22,
CC(C)N(C(=O)SC/C(Cl)=C/Cl)C(C)C,8.84,
CC(C)N(C(=O)SCC(Cl)=C(Cl)Cl)C(C)C,7.95,
CCN(CC)C(=O)SCc1ccc(Cl)cc1,8.92,
CCN(CC)C(=O)SCc1ccccc1Cl,8.82,
COCC(C)N(C(=O)CCl)c1c(C)csc1C,7.45,
COC[C@H](C)N(C(=O)CCl)c1c(C)csc1C,8.37,
COc1ccsc1CN(C(=O)CCl)c1c(C)cccc1C,9.85,
Cc1nc(C(F)(F)F)c(C(=O)Nc2c(Br)cc(OC(F)(F)F)cc2Br)s1,13.4,
CC(C)N(C(=O)COc1nnc(C(F)(F)F)s1)c1ccc(F)cc1,9.27,
CNC(=O)O/N=C(/C)C(C)SC,8.23,
CNC(=O)O/N=C/C(C)(C)SC,8.32,
CNC(=O)O/N=C(/CSC)C(C)(C)C,8.98,
CNC(=O)O/N=C(\C)SC,8.8,
CNC(=O)O/N=C(\SC)C(=O)N(C)C,9.8,
CCCC(=NOCC)C1=C(O)CC(CC(C)SCC)CC1=O,11.21,
CN=C(NCc1cnc(Cl)s1)N[N+](=O)[O-],13.59,
CN1COCN(Cc2cnc(Cl)s2)/C1=N/[N+](=O)[O-],12.02,
O=[N+]([O-])c1ccc(S(F)(F)(F)(F)F)cc1,5.77,
CC1=C(C)S(=O)(=O)CCS1(=O)=O,8.43,
COS(=O)(=O)OC,4.81,
CCOS(=O)(=O)OCC,4.6,
CS(C)=O,4.96,
CCS(=O)(=O)Oc1ccc2c(c1)C(C)(C)CO2,8.18,
CCOC1Oc2ccc(OS(C)(=O)=O)cc2C1(C)C,9.87,
C#CCOS(=O)OC1CCCCC1Oc1ccc(C(C)(C)C)cc1,10.41,
O=S1(=O)OCC2C(CO1)C1(Cl)C(Cl)=C(Cl)C2(Cl)C1(Cl)Cl,9.68,
O=S(=O)(c1ccc(Cl)cc1)c1cc(Cl)c(Cl)cc1Cl,8.54,
O=S1OC[C@@H]2[C@H](CO1)C1(Cl)C(Cl)=C(Cl)[C@@]2(Cl)C1(Cl)Cl,8.83,
O=S1OC[C@@H]2[C@H](CO1)[C@]1(Cl)C(Cl)=C(Cl)C2(Cl)C1(Cl)Cl,9.28,
CS(=O)(=O)F,2.5,
CS(=O)(=O)c1ccc(C(=O)C2C(=O)CCCC2=O)c(Cl)c1COCC(F)(F)F,12.47,
CC(C)N1C(=O)c2ccccc2NS1(=O)=O,11.42,
CCCCc1c(C)nc(NCC)nc1OS(=O)(=O)N(C)C,8.64,
COC(=O)c1ccccc1S(=O)(=O)NC(=O)Nc1nc(C)cc(C)n1,15.41,
CCOc1nc(NC)nc(NC(=O)NS(=O)(=O)c2ccccc2C(=O)OC)n1,14.28,
COC(=O)c1ccccc1CS(=O)(=O)NC(=O)Nc1nc(OC)cc(OC)n1,14.38,
COC(=O)c1ccccc1S(=O)(=O)NC(=O)Nc1nc(C)nc(OC)n1,13.82,
COC(=O)c1ccccc1S(=O)(=O)NC(=O)N(C)c1nc(C)nc(OC)n1,11.09,
COC(=O)c1sccc1S(=O)(=O)NC(=O)Nc1nc(C)nc(OC)n1,13.84,
CNS(=O)(=O)C(F)(F)C(F)(F)C(F)(F)C(F)(F)C(F)(F)C(F)(F)C(F)(F)C(F)(F)F,6.32,
CCNS(=O)(=O)C(F)(F)C(F)(F)C(F)(F)C(F)(F)C(F)(F)C(F)(F)C(F)(F)C(F)(F)F,6.48,
N#Cc1nn(-c2c(Cl)cc(C(F)(F)F)cc2Cl)c(N)c1S(=O)C(F)(F)F,10.64,
Cc1ccn2nc(S(=O)(=O)Nc3c(F)cccc3F)nc2n1,13.19,
CN(CCO)S(=O)(=O)C(F)(F)C(F)(F)C(F)(F)C(F)(F)C(F)(F)C(F)(F)C(F)(F)C(F)(F)F,7.45,
CCN(CCO)S(=O)(=O)C(F)(F)C(F)(F)C(F)(F)C(F)(F)C(F)(F)C(F)(F)C(F)(F)C(F)(F)F,7.7,
C=CC(=O)OCCN(C)S(=O)(=O)C(F)(F)C(F)(F)C(F)(F)C(F)(F)C(F)(F)C(F)(F)C(F)(F)C(F)(F)F,7.87,
Cc1nn(C)c(O)c1C(=O)c1ccc(C(F)(F)F)cc1S(C)(=O)=O,10.47,
CS(=O)(=O)c1cc(C(F)(F)F)ccc1C(=O)c1cnoc1C1CC1,9.77,
CN(C)S(=O)(=O)N(SC(F)(Cl)Cl)c1ccccc1,8.17,
Cc1ccc(N(SC(F)(Cl)Cl)S(=O)(=O)N(C)C)cc1,8.05,
COc1nc(C)nc(NC(=O)NS(=O)(=O)c2ccccc2Cl)n1,12.84,
COc1nc(C)nc(NC(=O)NS(=O)(=O)c2ccccc2OCCCl)n1,13.47,
CCN(CC)C(=O)n1cnc(S(=O)(=O)c2c(C)cc(C)cc2C)n1,12.22,
CNC(=O)O/N=C/C(C)(C)S(C)(=O)=O,6.01,
COC(=O)c1csc(C)c1S(=O)(=O)NC(=O)n1nc(OC)n(C)c1=O,9.66,
Cc1nn(-c2cc(NS(C)(=O)=O)c(Cl)cc2Cl)c(=O)n1C(F)F,10.85,
COc1cc(OC)n2nc(S(=O)(=O)Nc3c(Cl)ccc(C)c3Cl)nc2n1,16.74,
COc1cnc(OC)n2nc(NS(=O)(=O)c3c(OCC(F)F)cccc3C(F)(F)F)nc12,13.53,
CCOc1nc(F)cc2nc(S(=O)(=O)Nc3c(Cl)cccc3C(=O)OC)nn12,15.17,
CCOC(=O)c1ccccc1S(=O)(=O)NC(=O)Nc1nc(Cl)cc(OC)n1,13.95,
CCCN(CCC)c1c([N+](=O)[O-])cc(S(N)(=O)=O)cc1[N+](=O)[O-],13.92,
O=[N+]([O-])c1ccc(NS(=O)(=O)c2ccc(Cl)c(C(F)(F)F)c2)c(Cl)c1,10.74,
COP(=O)(OC)OC,5.3,
CCOP(=O)(OCC)OCC,5.21,
CCCOP(=O)(OCCC)OCCC,6.2,
CCCCOP(=O)(OCCCC)OCCCC,8.03,
CCCCCOP(=O)(OCCCCC)OCCCCC,9.31,
CCCCCCOP(=O)(OCCCCCC)OCCCCCC,11.6,
CCCCC(CC)COP(=O)(OCC(CC)CCCC)OCC(CC)CCCC,11.9,
CC(C)OP(C)(=O)OC(C)C,5.57,
CCCCC(CC)COP(=O)(Oc1ccccc1)Oc1ccccc1,10.56,
O=P(Oc1ccccc1)(Oc1ccccc1)Oc1ccccc1,10.09,
Cc1ccccc1OP(=O)(Oc1ccccc1)Oc1ccccc1,10.7,
Cc1ccc(OP(=O)(Oc2ccccc2)Oc2ccccc2)cc1,10.6,
Cc1ccccc1OP(=O)(Oc1ccccc1C)Oc1ccccc1C,10.7,
Cc1cccc(OP(=O)(Oc2cccc(C)c2)Oc2cccc(C)c2)c1,11.06,
Cc1ccc(OP(=O)(Oc2ccc(C)cc2)Oc2ccc(C)cc2)cc1,11.3,
CC(C)(C)c1ccc(OP(=O)(Oc2ccccc2)Oc2ccccc2)cc1,9.62,
CC(C)c1ccccc1OP(=O)(Oc1ccccc1C(C)C)Oc1ccccc1C(C)C,11.78,
O=P(c1ccccc1)(c1ccccc1)c1ccccc1,11,
CCCCOCCOP(=O)(OCCOCCCC)OCCOCCCC,10.9,
COP(=O)(OC)O/C(C)=C/C(=O)OC(C)c1ccccc1,9.55,
O=P(OCCCl)(OCCCl)OCCCl,7.85,
O=P(OCC(Br)CBr)(OCC(Br)CBr)OCC(Br)CBr,13.5,
COP(=O)(OC)OC(Br)C(Cl)(Cl)Br,7.35,
CC(CCl)OP(=O)(OC(C)CCl)OC(C)CCl,8.08,
O=P(OC(CCl)CCl)(OC(CCl)CCl)OC(CCl)CCl,10.6,
COP(=O)(OC)OC=C(Cl)Cl,5.95,
COP(=O)(OC)OC1=C(Cl)C2C=CCC12,7.5,
O=P(O)(O)CCCl,10.41,
CC(C)OP(=O)(F)OC(C)C,4.33,
COP(=O)(OC)O/C(=C\Cl)c1ccc(Cl)cc1Cl,8.85,
CCOP(=O)(OCC)O/C(=C\Cl)c1ccc(Cl)cc1Cl,9.78,
CCOP(=O)(OCC)O/C(=C/Cl)c1ccc(Cl)cc1Cl,10.18,
COP(=O)(OC)O/C(=C/Cl)c1cc(Cl)c(Cl)cc1Cl,10.13,
CC(OP(C)(=O)F)C(C)(C)C,5.08,
COP(=O)(OC)C(O)C(Cl)(Cl)Cl,9.49,
CCOP(=O)(C#N)N(C)C,5.26,
CNC(=O)/C=C(\C)OP(=O)(OC)OC,9.37,
COP(=O)(OC)O/C(C)=C/C(=O)N(C)C,8.29,
CCOP(=O)(OCC)Oc1ccc([N+](=O)[O-])cc1,8.79,
CCCSP(=O)(OCC)SCCC,8.51,
CCOP(=O)(SC(C)CC)SC(C)CC,8.12,
CCCCSP(=O)(SCCCC)SCCCC,10.24,
CCOP(=S)(OCC)SCSP(=S)(OCC)OCC,10.01,
CC(C)OP(=O)(OC(C)C)SCc1ccccc1,8.98,
COP1(=S)OCc2ccccc2O1,4.98,
CCOP(=O)(Sc1ccccc1)Sc1ccccc1,10.66,
CCOP(=S)(CC)Sc1ccccc1,7.59,
CCCOP(=O)(OCCC)Oc1ccc(SC)cc1,9.22,
CCSCCSP(=O)(OC)OC,7.32,
CCSCCSP(=S)(OC)OC,7.52,
CCOP(=S)(OCC)SCSCC,7.54,
CCOP(=S)(OCC)SCCSCC,7.82,
CCOP(=S)(OCC)SCSC(C)(C)C,7.97,
COP(=S)(OC)Oc1ccc(SC)c(C)c1,8.2,
CCCSP(=S)(OCC)Oc1ccc(SC)cc1,9.42,
COP(=S)(OC)Oc1ccc(Sc2ccc(OP(=S)(OC)OC)cc2)cc1,11.56,
CCOC(=O)CC(SP(=S)(OC)OC)C(=O)OCC,7.83,
CCOC(=O)C(SP(=S)(OC)OC)c1ccccc1,8.54,
CCOP(=S)(OCC)OP(=S)(OCC)OCC,7.72,
CCOP(=S)(OCC)OC(Cl)C(Cl)(Cl)Cl,6.53,
COP(=S)(OC)Oc1c(Cl)cc(C)cc1Cl,7.83,
CCOP(=S)(OCC)Oc1ccc(Cl)cc1Cl,8.03,
COP(=S)(OC)Oc1cc(Cl)c(Cl)cc1Cl,7.61,
CCCSP(=O)(OCC)Oc1ccc(Br)cc1Cl,10.1,
COP(=S)(OC)Oc1cc(Cl)c(Br)cc1Cl,7.18,
CCOP(=S)(OCC)Oc1cc(Cl)c(Br)cc1Cl,9.22,
COP(=S)(OC)Oc1cc(Cl)c(I)cc1Cl,9.09,
CCCSP(=S)(OCC)Oc1ccc(Cl)cc1Cl,8.78,
CCOP(=S)(CC)Oc1cc(Cl)c(Cl)cc1Cl,8.42,
COP(=S)(Oc1cc(Cl)c(Br)cc1Cl)c1ccccc1,11.31,
CCOP(=S)(OCC)SCSc1ccc(Cl)cc1,10.15,
CCOP(=S)(OCC)Oc1ccc2c(C)c(Cl)c(=O)oc2c1,9.5,
CCOP(=O)(NC(C)C)Oc1ccc(SC)c(C)c1,10.58,
CCOP(C)(=O)SCCN(C(C)C)C(C)C,8.35,
COP(=S)(OC)Oc1ccc(C#N)cc1,6.96,
CCOP(=S)(OCC)O/N=C(\C#N)c1ccccc1,9.43,
CCOP(=S)(OCC)Oc1ncn(-c2ccccc2)n1,9.59,
CCOP(=S)(OCC)Oc1cc(C)nc(C(C)C)n1,7.97,
CCOP(=S)(Oc1cnc(C(C)(C)C)nc1)OC(C)C,8.72,
CCOP(=S)(OCC)Oc1cnc2ccccc2n1,9.8,
CCN(CC)c1nc(C)cc(OP(=S)(OC)OC)n1,9.05,
CCOP(=S)(OCC)Oc1cc(C)nc(N(CC)CC)n1,9.39,
CCOc1cc(OP(=S)(OC)OC)nc(CC)n1,8.07,
CCOP(=S)(OCC)Oc1cc(-c2ccccc2)on1,8.48,
CCNP(=S)(OC)O/C(C)=C\C(=O)OC(C)C,9.14,
CCOP(=S)(NC(C)C)Oc1ccccc1C(=O)OC(C)C,9.63,
COP(=O)(NC(C)=O)SC,9.17,
CCOP(=S)(OCC)N1C(=O)c2ccccc2C1=O,10.05,
CCOP(=O)(SC(C)CC)N1CCSC1=O,9.61,
COc1nn(CSP(=S)(OC)OC)c(=O)s1,8.74,
CCCSP(=O)(OCC)Oc1cnn(-c2ccc(Cl)cc2)c1,11.32,
CCOP(=S)(OCC)Oc1nc(Cl)n(C(C)C)n1,8.11,
COP(=S)(OC)Oc1nc(Cl)c(Cl)cc1Cl,7.97,
CCOP(=S)(OCC)Oc1nc(Cl)c(Cl)cc1Cl,8.41,
CNC(=O)CSP(=S)(OC)OC,8.27,
CCCOP(=S)(OCCC)SCC(=O)N1CCCCC1C,10.54,
COP(=S)(OC)SCC(=O)N(C)C=O,7.85,
COP(=S)(OC)SCN1C(=O)c2ccccc2C1=O,8.48,
CCOP(=S)(OCC)Oc1ccc(=O)n(-c2ccccc2)n1,10.93,
COP(=S)(OC)SCn1nnc2ccccc2c1=O,10.83,
CCOP(=S)(OCC)SCn1nnc2ccccc2c1=O,9.59,
CCOP(=S)(OCC)SC(CCl)N1C(=O)c2ccccc2C1=O,9.81,
CCOP(=S)(OCC)SCn1c(=O)oc2cc(Cl)ccc21,9.91,
COP(=O)(OC)SCn1c(=O)oc2cc(Cl)cnc21,9.58,
COP(=S)(OC)Oc1ccc([N+](=O)[O-])cc1,7.34,
COP(=S)(OC)Oc1ccc([N+](=O)[O-])c(C)c1,7.62,
CCOP(=S)(OCC)Oc1ccc([N+](=O)[O-])cc1,8.23,
CCOP(=S)(Oc1ccc([N+](=O)[O-])cc1)c1ccccc1,10.31,
CCOP(=S)(NC(C)CC)Oc1cc(C)ccc1[N+](=O)[O-],9.52,
COP(=S)(OC)Oc1ccc([N+](=O)[O-])cc1Cl,8.49,
COP(=S)(OC)Oc1ccc([N+](=O)[O-])c(Cl)c1,8.55,
CCOP(=S)(OCC)Oc1ccc(S(C)=O)cc1,8.3,
CC(C)OP(=S)(OC(C)C)SCCNS(=O)(=O)c1ccccc1,11.38,
C[Se][Se]C,2.14,
C[Si](C)(C)C,1.81,
C[Hg]C,3.13,
C[Sn](C)(C)C,2.62,
C[Pb](C)(C)C,2.85,
CC[Pb](CC)(CC)CC,3.13,
C[Hg]Cl,4.77,
C[Pb](C)(C)Cl,1.23,
C=C[Si](OCCOC)(OCCOC)OCCOC,6.18,
C[Si](C)(C)[O-].[Li+],3.62,
C[Si](C)(O)O,6.4,
C[Si](C)(C)O[Si](C)(C)C,2.71,
C[Si](C)(C)O[Si](C)(C)O[Si](C)(C)C,3.75,
C[Si](C)(C)O[Si](C)(C)O[Si](C)(C)O[Si](C)(C)C,4.64,
C[Si]1(C)O[Si](C)(C)O[Si](C)(C)O[Si](C)(C)O1,4.22,
C[Si](C)(C)O[Si](C)(C)O[Si](C)(C)O[Si](C)(C)O[Si](C)(C)C,2.29,
C[Si]1(C)O[Si](C)(C)O[Si](C)(C)O[Si](C)(C)O[Si](C)(C)O1,4.95,
C[Si]1(C)O[Si](C)(C)O[Si](C)(C)O[Si](C)(C)O[Si](C)(C)O[Si](C)(C)O1,5.77,
CCCC[Sn](CCCC)(CCCC)O[Sn](CCCC)(CCCC)CCCC,8.17,
O.c1ccc([Sn](c2ccccc2)c2ccccc2)cc1,11.72,
CC(=O)O[Sn](c1ccccc1)(c1ccccc1)c1ccccc1,10.07,
CCO[Si](CCC1CCC2OC2C1)(OCC)OCC,8.45,
CO[Si](CCCOCC1CO1)(OC)OC,5.8,
CCOc1ccc([Si](C)(C)CCCc2ccc(F)c(Oc3ccccc3)c2)cc1,11.89,
c1ncn([Sn](C2CCCCC2)(C2CCCCC2)C2CCCCC2)n1,14.76,
C[Si](Cn1cncn1)(c1ccc(F)cc1)c1ccc(F)cc1,10.53,
C[Si](C)(C)CC(O)(Cn1cncn1)c1ccc(F)cc1,10,
